sample_id,Area,AreaIntgP(%),FWHM,Width,Height,Type,max_voltage,min_voltage
1,-0.00381595894738602,-2.19852329234175,1.6320873710372157,-0.0361183949065637,0.0001596748351941,Cyclohexane,0.207599,0.04350294
2,0.0002799164079371,0.9001298112727221,5.044072217287109,7.94372439701176,0.0001589308963283,Cyclohexane,0.10619408,0.05865578
5,0.0021037239599327,19.85968062471858,2.714297020083978,2.88092057718009,0.0001866339623637,Cyclohexane,0.16320178,0.05429271
6,0.0008415555017079,30.685879775699537,3.6037897095024367,2.73866994349317,0.0001891028636696,Cyclohexane,0.09547058,0.06095992
7,0.0007743102892181,14.478359526056778,64.68204444070072,74.5370557786399,-0.00010980046073372,Cyclohexane,0.18000691,0.06084295
8,1.3883710870401908e-05,-0.0871885552617966,2.817315448647004,3.51696181334569,0.0001886568755918,Cyclohexane,0.09460033,0.04195423
9,1.3913810980164232e-05,0.2439548015673656,5.786263219187158,7.55356956593415,3.483476080986149e-05,Cyclohexane,0.22722562,0.03376334
11,0.0005957716173133,0.0749463187290401,3.056085224348124,1.50383667356364,0.0002160191503472,Cyclohexane,0.09810164,0.07244611
12,0.0006994818251294,36.06647872380649,3.740019124605908,-0.0592747414112954,0.0003410356168316,Cyclohexane,0.12652624,0.08633984
13,1.69548251524697e-05,12.770619139865817,0.0475095718748554,0.0533056624508677,0.0002481491590905,Cyclohexane,0.20460557,0.04663275
16,0.0010076385339082,32.17121587193417,0.0168578380722886,0.509663015331416,0.000336732300349,Cyclohexane,0.15541211,0.0543554
17,0.0007276153045218,30.662025324694422,5.40602085215041,3.92332182205468,0.0001885558304618,Cyclohexane,0.15563513,0.03235702
19,0.0012095053218707,15.244716656732908,2.27347577101322,2.00574510319651,0.0001752004740281,Cyclohexane,0.16131603,0.04481038
22,0.0024395310422101,37.608141372525175,3.9415506702429672,3.5328208435861,0.0002511753631876,Cyclohexane,0.17923644,0.04890568
24,0.0007483171223376,14.390102620895313,0.0296580627806278,0.0471987323661961,0.0001963614749982,Cyclohexane,0.08419669,0.04243144
25,-0.0130923516526258,-85.1033447007877,2.253402888417101,1.6504871187925,0.0001787651176883,Cyclohexane,0.13361768,0.07548025
27,0.0004579313398551,-2.2435759880207,2.813513284320053,3.41509261853608,0.0001498256627719,Cyclohexane,0.11237816,0.06485711
31,0.0035282831655267,44.50094429027818,3.3834342033548563,4.27580030663545,0.0003477642269473,Cyclohexane,0.16574292,0.04871741
32,0.0007773106471111,18.498423747209447,-0.0402672103876957,0.127288105906352,0.0002436191767313,Cyclohexane,0.1047719,0.07721261
35,2.0687632164624396e-05,16.558300779489322,3.67497504162896,2.22850079045526,0.0001728702592452,Cyclohexane,0.18847557,0.0515464
38,0.0008311481852947,37.696839526656895,4.497002841587594,3.95491790051085,0.0001900482868657,Cyclohexane,0.19923654,0.04810181
40,-9.76412031158101e-05,10.328285942871345,8.238266467070781,8.44899450814611,-0.000311533705192073,Cyclohexane,0.0782811,0.06406154
41,0.000609647259425,19.258639131358034,2.964051945167529,2.9890271801304,-0.000257804220308576,Cyclohexane,0.12536557,0.05868992
42,-0.0135778899216555,-96.1874788217594,2.883433348850804,2.3203313548783,-0.000313781589341002,Cyclohexane,0.11957993,0.01945901
43,0.0005913523639163,14.657070091458356,0.06278892968993,0.0548268893254832,0.0002201603398484,Cyclohexane,0.15158018,0.03237922
45,0.000302261467168,2.3037814231289144,-0.00931609850464812,0.374895912315017,0.0001916201848559,Cyclohexane,0.18078335,0.05830241
47,-0.00949893472031318,-28.4500437154516,0.0297714321126396,1.03495520560556,0.0001446891547822,Cyclohexane,0.17876624,0.07186395
51,0.0018619830346952,44.21160403874478,3.417266127062049,1.67433607228307,0.0004936998377536,Cyclohexane,0.2384855,0.03058326
53,-9.40287307438933e-05,15.412194996055904,33.98630868017041,36.1142419451409,-0.000188882917591948,Cyclohexane,0.13840463,0.02947457
54,0.0006949900918013,-1.69927321443058,3.671605943843809,3.15453201614614,0.000207613999783,Cyclohexane,0.13619917,0.07214775
55,0.0007451556740687,20.77755347732968,0.6946412049132026,-0.00447290726383349,0.0002795006173114,Cyclohexane,0.13533187,0.065107
56,0.000723631026466,29.16192864500026,3.6497853021831914,4.19858220798833,0.0003535977205929,Cyclohexane,0.14289111,0.06412511
57,0.0007919017950289,17.679144357932504,34.84599975576073,8.26214736810596,-0.000184582737466498,Cyclohexane,0.18084268,0.05511835
58,9.145095257404036e-06,13.589034023869893,0.070727145697342,1.75154045233046,0.0001718552361458,Cyclohexane,0.21586167,0.05494755
61,1.1130340223731644e-05,-1.65266361588527,2.8477188679876053,3.04285390950987,0.000244844800688,Cyclohexane,0.14444179,0.03338852
62,0.0011223501639486,27.373818632576796,0.1278797799573349,2.92616528213101,0.0003700553752291,Cyclohexane,0.11895626,0.06960088
63,0.0006410306235671,17.17062981925284,2.3009823827352167,2.11739390993316,9.478385569000836e-05,Cyclohexane,0.1554441,0.03610453
65,0.0024896615310999,36.18950416686485,3.5669651134800437,8.51242088471848,0.0005292617014478,Cyclohexane,0.1897363,0.04476062
66,0.001061925865872,34.84000488381468,3.80177425049921,4.5786715748564,0.0004355966637495,Cyclohexane,0.05627263,0.05527263
72,0.0012790686822364,26.44729635871145,3.282742974599557,3.76556261811222,0.0002515133918909,Cyclohexane,0.1855341,0.05737584
73,0.0004534835292722,-76.48528410968,2.8269624687363617,1.88532798555253,0.0003456111078682,Cyclohexane,0.09801362,0.05625929
75,-0.0130961086046382,-96.6719271859639,30.88487358816969,14.3507231698284,-0.000301378286513345,Cyclohexane,0.10924491,0.07377131
77,-2.86788861987453e-05,17.176423716020853,31.563053933264435,8.0713371194198,-0.000154974036320119,Cyclohexane,0.12492655,0.04384634
79,0.0007860313907313,0.6945847639629732,2.639610243880097,1.97328573306173,0.0001653067552444,Cyclohexane,0.21674805,0.03454798
81,-1.99861830595795e-05,12.548173762617765,-0.0331315609041047,0.0307420331659816,0.0001720494239939,Cyclohexane,0.07794654,0.07694654
82,0.0027114798766102,40.2059345332383,8.040432530767188,12.0628338880677,0.0001685183988493,Cyclohexane,0.15684448,0.06351661
84,0.0002285906831655,0.6582943848283338,0.164044219547208,0.715325245719473,0.0002471491871678,Cyclohexane,0.11858247,0.05320199
85,-1.53060155990781e-06,15.32873681346348,0.0352150483400974,0.434875587566185,0.0001531740034013,Cyclohexane,0.18547377,0.04897189
87,0.0012234894869652,11.168431925709765,0.1561727055036441,2.74855450488052,0.0001821218884679,Cyclohexane,0.17488164,0.03881114
88,-0.000130745767954663,-20.134769877924,36.442574443040485,7.96732523261369,-0.000293640034715627,Cyclohexane,0.1460769,0.04555693
89,0.0010478332770817,31.68638887605229,5.061509399866589,3.84121734161249,0.000170419987984,Cyclohexane,0.14493467,0.04737348
91,5.393104747694555e-07,0.2532762101884259,0.1351412776367256,0.0694624695796707,0.0001319888303288,Cyclohexane,0.1676174,0.0428351
92,0.000679151392097,14.902943874079464,5.039709156118303,4.75158438574668,0.0003309058866611,Cyclohexane,0.14342773,0.04927263
95,1.6388989069913962e-05,-0.454225752385138,0.0471877743514214,2.68435349213227,0.0004898667633334,Cyclohexane,0.17662862,0.07701133
100,0.0002842310986319,11.279000002080933,2.527288744967285,4.34412139593551,0.0002498950877409,Cyclohexane,0.11545198,0.05034142
101,0.0006942707321702,31.59800431835904,-0.0694530196565852,1.36473528185102,0.0003039274013107,Cyclohexane,0.15366747,0.01460429
103,0.0006225392678624,-1.89849665374021,4.091216974517106,0.963104878526321,0.0003299405916927,Cyclohexane,0.06260571,0.06160571
104,0.0010158022795431,20.061651357605715,-0.0347929178106542,0.0304133499210422,0.0002515009064415,Cyclohexane,0.12690805,0.07209714
106,0.0025027425041747,33.06863512790658,3.701135227476212,4.89719216572885,0.0004037421919013,Cyclohexane,0.11480039,0.03007758
107,0.0008253098173504,16.172625675384843,5.942032831275013,3.15907746796005,0.0002998233280349,Cyclohexane,0.15115822,0.04539841
108,0.0009455871822721,14.210372570060144,2.606405914827081,3.14782888961436,0.0003408972367215,Cyclohexane,0.1354319,0.03114703
110,0.0003887582993769,-0.145059770756782,3.75845195525961,3.08779278911633,-5.8014373510808e-05,Cyclohexane,0.18245129,0.05516764
111,0.0003997617805212,0.7213300949330381,2.9453942587819326,2.9531169045271,-8.74423787443363e-05,Cyclohexane,0.13408453,0.04555419
114,0.0005073096018598,10.931523059398096,36.5354804883213,50.0933194957694,-0.000226238714162616,Cyclohexane,0.24399962,0.04854853
115,0.0024823462560278,48.46968976344555,5.575291889487683,4.52357288087164,0.0003260815470844,Cyclohexane,0.13915087,0.03867256
116,0.0006633620154089,30.41267760561915,6.818019096590096,7.50799260066568,0.0001825039940131,Cyclohexane,0.19436422,0.03870467
120,-0.0139036864295159,-93.5691593376723,-0.0399960603523313,-0.0120455453897657,0.0001614657331759,Cyclohexane,0.10780264,0.06022236
122,0.0006496547174511,16.35673961366051,13.2243677672888,18.5966350966771,0.0001881360227155,Cyclohexane,0.13158255,0.08318613
123,0.0004397885796385,0.8407264285580078,-0.0685939774270748,2.0872120204303,0.0001849637211945,Cyclohexane,0.16433988,0.048558
126,-0.0109052058719213,-1.64847768321111,3.511708121410875,1.56714404985245,0.0001350087561408,Cyclohexane,0.15256961,0.05226796
127,3.817404131448119e-05,20.357326270009622,0.0415146305676339,2.89774911511816,-0.000305685301794389,Cyclohexane,0.11502937,0.04097861
128,0.0012206894675546,19.759128033913317,6.4221231189844366,34.1252924866329,0.0001284606562762,Cyclohexane,0.07985342,0.04032442
129,-7.27054970448755e-06,13.028046441952702,5.831241641656382,5.65748954799362,-0.000258041965064587,Cyclohexane,0.17822897,0.07618134
132,0.0001145594637798,0.288515441668701,8.005033863303176,3.74105652712076,-0.000106782565638748,Cyclohexane,0.12408579,0.03358628
134,0.0005423155000941,16.659258644785385,2.044111853502991,3.27012628860783,0.0002494137474938,Cyclohexane,0.13823299,0.05788785
135,0.0007487028493752,18.1418445827089,0.1320410002140402,2.57115776002149,0.0003322378490295,Cyclohexane,0.06416688,0.01228303
137,-2.03212299110568e-05,-42.6294257579803,-0.00365954505714366,-0.0202616387409114,0.0001798827741711,Cyclohexane,0.12847962,0.03030536
139,0.0014883896253258,32.37280367850609,0.0452526364446404,0.267652188371527,0.0001301976728906,Cyclohexane,0.11108719,0.0477947
141,0.0028098459346247,35.91435792089947,6.291584318167928,23.630601423175,0.0003489049566276,Cyclohexane,0.11373827,0.05579648
142,0.000765852308928,32.19316059259225,2.83511086494525,4.80150984644906,0.0002503952487218,Cyclohexane,0.12034893,0.07574277
143,-0.0130812570602195,1.0384801210297776,2.791111855538431,2.09514811404046,-0.000283540558961138,Cyclohexane,0.17950821,0.04234933
144,-0.00277464340584329,-95.7989683519154,4.055692035711946,6.7137206069329,-0.000256653131424342,Cyclohexane,0.20875631,0.04060476
145,0.0007454302700477,38.32582682208886,6.880255992879901,7.45894654511431,0.0001751940947891,Cyclohexane,0.15035043,0.09
146,3.570169811760538e-05,14.504732482489652,2.856138393697068,7.98820700547191,-0.000278469846447135,Cyclohexane,0.09507439,0.02130149
150,0.0006197727818,28.774005798046637,5.1922087127824685,6.06135022222561,0.0002147325307641,Cyclohexane,0.14683038,0.03186767
151,0.0007443442714765,41.010819384025474,6.131026802745986,5.53985946786464,0.0001647660190211,Cyclohexane,0.18031804,0.02595118
152,0.0011845455989824,30.536549534469017,6.788080830963914,3.82900211578646,0.0003621740874305,Cyclohexane,0.1158585,0.04977195
155,-1.68201604055101e-06,1.0992480548341943,0.0720674187754741,-0.0359637081520596,0.0002125619177347,Cyclohexane,0.15120626,0.0452426
157,-9.52616852000175e-05,-63.3398330570633,2.372275423031473,2.1469374611301,-0.000156861881337792,Cyclohexane,0.19520206,0.04042901
158,0.0006603299903494,15.43121921240746,8.119901561840269,5.25139564796977,0.0002473727566091,Cyclohexane,0.20835085,0.06259517
159,7.4498868425093e-05,11.461475765234573,4.0905157527235945,1.8326857212339,0.0001798229365723,Cyclohexane,0.11013191,0.05450135
161,2.2559493824234877e-05,10.27633717037159,-0.0274776025347622,1.87027293300004,0.0001575005605395,Cyclohexane,0.09640322,0.05749312
163,0.0027176139099071,30.453383617386816,-0.00890410283198177,1.00788296544661,0.0004116630044134,Cyclohexane,0.15860894,0.05488701
164,-0.013167603314653,-94.0667471210616,2.9108119764788585,0.878728237323558,0.0001921270056466,Cyclohexane,0.07897218,0.01533492
166,0.0013680383487614,36.11412375961577,4.773348189486484,4.28301788206261,0.0003666526031946,Cyclohexane,0.20715833,0.04763217
169,2.6231824102326043e-05,5.313771593463962,-0.0480565195419776,2.23980760060151,0.0001513368559189,Cyclohexane,0.11154743,0.05486762
170,0.0006048286935157,0.0428868777206601,3.192416096096981,3.22681340673331,0.0001630395093406,Cyclohexane,0.18588156,0.05324084
171,0.0014638754819586,37.793094995518686,2.9901525336616537,2.01963862448118,0.0001353968699969,Cyclohexane,0.12826103,0.03276804
173,0.0027545711723423,39.46001030519631,72.74249969813404,43.3603002106135,-0.000113145576439101,Cyclohexane,0.09215163,0.04643825
174,0.0010117023564607,20.73698839868077,1.920192977943128,0.655575425437331,0.0003292201238415,Cyclohexane,0.11048062,0.04988778
175,0.000710896901936,2.354202750844775,-0.0285745367330203,0.627129759748065,0.0002507606555454,Cyclohexane,0.14355774,0.05015373
176,0.0022211654473059,30.95477811140646,0.0900459810072957,1.5272785909542,0.0004269148806402,Cyclohexane,0.11026393,0.04941288
177,7.814985169131481e-06,0.2818800576941361,0.0579335003499894,0.0110830803062281,0.0001766423617508,Cyclohexane,0.16159766,0.05461992
178,0.0007199051512229,14.057053480232604,2.702198251347321,5.65775611743698,-0.000149879056127797,Cyclohexane,0.09855726,0.005
179,0.0006752588096518,0.3269055849449564,84.63626932020975,29.7304218950789,0.000241954762799,Cyclohexane,0.12938783,0.04718936
181,6.826015359930407e-05,12.730178032658932,4.289363866350676,5.14530032969078,0.0001736328729619,Cyclohexane,0.11571897,0.03604108
182,0.0006155617421329,16.230175186531685,2.86326657670189,0.851250074866258,0.0002102870374336,Cyclohexane,0.06311158,0.02481376
184,0.0004238476990947,9.83432459016942,3.976761800350872,3.77984658024458,0.0001415323740908,Cyclohexane,0.2211325,0.03702021
185,0.001220059654765,32.41017586368908,2.709015210919405,0.782205362719615,0.0001834310827219,Cyclohexane,0.19313724,0.06854738
187,0.0008170114175789,31.857848288868134,2.9453125287879978,2.83985803083428,0.0001620274615478,Cyclohexane,0.15936731,0.06537981
190,-0.00784185523614612,-93.3089837152469,0.0572880087179484,0.280623148951012,0.0001740225770614,Cyclohexane,0.18286541,0.08483958
191,-0.0124953264079546,-28.1765157816338,6.086656523894478,3.78976408096605,0.000253393788792,Cyclohexane,0.14147076,0.06467462
192,0.0007515067371104,31.00645303540882,35.71271428090683,35.8608466266176,0.0002531532826391,Cyclohexane,0.11165632,0.05032693
194,0.0007010417555425,18.585070265721523,0.0479331785434116,2.74271777276865,0.0001406135769323,Cyclohexane,0.16316347,0.03803625
197,-3.26259724790018e-05,13.199509713185853,2.677016947125296,2.66723221026744,0.000180377224796,Cyclohexane,0.10248149,0.03305165
198,-0.0111081485041555,-1.29966696008343,0.1377269393473685,0.082795621397742,-0.000112608954147498,Cyclohexane,0.22943112,0.03936374
199,0.0027622226802163,41.789980928273984,-0.00800421768767194,1.70149809821573,0.0002492115491052,Cyclohexane,0.11086371,0.0510702
200,0.0024951932595758,18.29449950200087,32.003766998735564,41.6687808944112,0.0002107019019796,Cyclohexane,0.14908524,0.05767288
201,0.0014959283486343,19.10092057799585,5.842495065595505,4.79846915210132,0.0003354028169687,Cyclohexane,0.12555184,0.08435968
204,3.0799986206376133e-05,-0.144214365686257,4.311734819869581,3.17218274989966,-5.52549056528746e-06,Cyclohexane,0.13099016,0.04583979
205,0.0015105771265232,36.28782899946235,-0.117703142034128,0.737501552837161,0.0003024005218324,Cyclohexane,0.24851254,0.04607943
207,0.0002339348727737,13.42242235188334,-0.11203963669012,0.399928543948733,0.0002188105118034,Cyclohexane,0.11951526,0.03808168
208,0.0014074737992082,17.918650900134455,3.823801612024391,2.09686786981584,0.0002920350903712,Cyclohexane,0.17929635,0.02781907
209,0.0014814962572978,38.31022867990889,2.406880434901906,1.82052820369853,0.0001681666148285,Cyclohexane,0.14578007,0.04059899
211,0.0007090645021818,13.651050080389757,2.975239786962509,0.435738799722442,0.0004445489772429,Cyclohexane,0.15109738,0.04422537
212,0.0004639982348958,35.77869453566218,8.082509502830446,35.0314278189021,0.0001726614363463,Cyclohexane,0.20102458,0.06736193
214,0.0005569446328261,14.596131248446744,2.7582389787667068,0.418561570187865,0.0002311923220669,Cyclohexane,0.08868287,0.02574135
218,0.0004379317732687,11.11965171809286,5.3305441226732,1.36146762858155,0.0003707979575603,Cyclohexane,0.16428837,0.06374552
219,0.0010216698984693,31.648229263409814,2.9406552358077227,7.34629953236781,0.0003313085901156,Cyclohexane,0.19083781,0.03958423
221,0.0004295919221227,12.799394011582852,2.420923901359276,2.32651620379254,-0.000253826679132154,Cyclohexane,0.18146773,0.04873591
226,-0.000652228059466136,-94.832367803248,5.798567483325586,4.70412252729281,-0.000167113802706374,Cyclohexane,0.08973655,0.05772647
228,-1.37710380709395e-05,10.753558892682076,-0.0480419838005658,1.47501778710838,0.0002168956907555,Cyclohexane,0.15508062,0.04306882
231,-0.00632806946756278,-95.165536587742,0.0475149288090938,-0.0288321197956487,0.0001687954500593,Cyclohexane,0.15688194,0.08863006
234,0.0006030912674559,14.285176949702825,1.77116432753218,2.18165038344876,0.0001813850647384,Cyclohexane,0.15951397,0.06846542
235,-5.03830800527886e-05,6.480888461899497,2.5802618759003386,2.82633524965772,-0.000265407325822055,Cyclohexane,0.19006355,0.06397135
236,0.0007040632568197,13.43806904254416,2.5012561358601006,0.776622066057531,0.0001722904426498,Cyclohexane,0.13099397,0.04854447
237,0.001454944045212,45.3852871326419,2.4726378187910543,3.85690254906655,0.0002488867963648,Cyclohexane,0.17211632,0.0268454
240,0.0010155878073457,22.718805544058142,6.467745578315481,4.87183384903526,0.0001693586177307,Cyclohexane,0.1505566,0.06536429
243,0.0022553365666607,20.354350969956982,2.771842103836367,2.29055951982951,0.0002606671778529,Cyclohexane,0.16283761,0.05531977
245,0.0017690094042416,48.57178487266663,1.983306832409005,2.32856157529779,0.0002348282535862,Cyclohexane,0.09792163,0.0613171
247,0.001043371816188,38.76448328772608,5.063190185002373,21.9769515889744,-0.00016957249448049,Cyclohexane,0.19459195,0.05478018
248,0.0012946769797297,22.74151160768585,4.412609737364639,3.02426227465914,0.0003329699621506,Cyclohexane,0.11506514,0.04724797
249,0.0006667007084642,-0.88807448421494,-0.0496998796445606,0.383014611792581,0.0001659408077864,Cyclohexane,0.13828658,0.01827328
254,-0.000116671913218236,0.6545850416776652,8.209618978762725,5.22154382288775,-0.000267395068785818,Cyclohexane,0.14251181,0.06533839
255,0.0006614510476768,-79.2123715609785,8.096942748824672,5.3501964318812,-8.74229604356996e-05,Cyclohexane,0.20343207,0.07869424
256,0.0010424440159503,14.335727594789844,3.297812759302381,3.90014179784402,0.000158350887748,Cyclohexane,0.05211197,0.03701896
259,0.0012317002887076,31.384098284521148,4.928125919113231,4.33548021030827,0.000159936827264,Cyclohexane,0.09501055,0.05620107
261,0.0025833070460779,37.223024294930006,1.8826562513059095,2.79466252176981,0.0003717924134578,Cyclohexane,0.18900404,0.04572872
262,2.9207789268733947e-05,0.2537303255307461,4.123848078266275,2.94411310361356,-0.000273214486034471,Cyclohexane,0.15117016,0.01597387
263,0.0007531601041983,-1.42288526495572,8.274843521488158,4.17640924576172,0.0003003931410643,Cyclohexane,0.10267179,0.02063667
266,0.0025331211671498,32.5796940527138,0.1665669676863229,0.109126542187377,0.0001723734048789,Cyclohexane,0.15885319,0.005
269,6.653172914933498e-05,10.146617328657694,6.432699863253973,18.5521506756632,0.0001321620655432,Cyclohexane,0.15950894,0.02596086
272,-0.00122646051095533,-1.63603248354386,3.553373456314871,2.79785545300341,-0.000278687149719165,Cyclohexane,0.21475879,0.05432811
274,0.0011938464627175,-0.60634653998349,2.641309643711048,2.71291984969153,0.0003370209265847,Cyclohexane,0.22010386,0.04305553
275,0.0006381876011175,14.419743261118866,1.4226243569138046,3.63833583557454,0.0002261868292634,Cyclohexane,0.0992752,0.04822829
276,0.0008011581576447,-0.0280194823677062,0.0380548074774747,0.553350617687718,0.0002033792997126,Cyclohexane,0.1769613,0.05962455
279,0.0007698914519457,0.2050575547079132,0.0715824177101094,0.000923658630061698,0.0003230768889755,Cyclohexane,0.21318592,0.005
280,0.0011721747000714,25.246711730782582,0.0488990984978744,1.88226866039362,0.0001754289763989,Cyclohexane,0.16425933,0.02237533
281,0.0007465823917872,15.061018168791607,-0.0726580299187641,-0.0181731506517581,0.0001962431926641,Cyclohexane,0.1243887,0.03295176
284,9.679617971199966e-06,14.163123047297928,4.416165292870853,4.53815713631253,0.0002575341699859,Cyclohexane,0.1497283,0.005
285,0.0003950905638309,-57.7765596729315,85.13062898340138,78.4661965673505,0.0001758430378851,Cyclohexane,0.07970839,0.06558998
286,0.0013834928753789,31.288522599782773,2.6474436969637942,2.15421877835522,0.0003686220281604,Cyclohexane,0.10655591,0.06151061
290,0.0012295640380439,33.65326243410042,2.637860452616533,2.12970398723069,0.0005366699004014,Cyclohexane,0.10554536,0.06086016
291,0.0011071805454932,0.2521252779540076,6.3589426952488965,16.8623138284008,-0.000287336633076663,Cyclohexane,0.09113716,0.06902913
294,0.0004801826266065,0.4477656990256227,0.0368029539269902,0.0345171583491474,0.0001902023622359,Cyclohexane,0.1593121,0.01971871
296,-4.90935352233708e-06,0.5634100413201327,2.672583747437044,3.56106295609144,-0.000159229341131104,Cyclohexane,0.11086441,0.0373204
299,0.0010817092024244,40.8070829669806,5.921529465700887,29.2835453652737,0.0002307578143095,Cyclohexane,0.23672823,0.04265104
300,-9.10775045085819e-05,-0.980707478153127,4.547154838723974,3.17770463536221,-0.000235400647291167,Cyclohexane,0.10576201,0.05616224
301,0.0014487981313559,37.41690871727012,5.518935997044487,6.99330830004139,0.0002572998556961,Cyclohexane,0.1457972,0.04823412
302,-3.21464711447955e-06,-1.66908897246295,16.837078763930478,13.0739693341963,0.0001582060913906,Cyclohexane,0.1586878,0.03595505
303,-0.000258345141460777,13.315597415203442,2.720868404667414,0.266886373680759,-6.84223515008039e-05,Cyclohexane,0.12113181,0.0163907
304,3.665398023396993e-06,12.79664291199181,0.0495472130539973,0.0610958832395286,-0.000306435767497578,Cyclohexane,0.20580336,0.02722205
306,0.0010222402516236,29.6919198502775,3.677206012309754,0.542193004251049,0.0003445599641887,Cyclohexane,0.10139205,0.04498771
307,0.0007885584139367,13.704628812264048,49.123327334244685,29.9887877618109,0.000217544382031,Cyclohexane,0.12726617,0.06089881
309,0.0012291012771511,20.498626826699294,32.704906706797594,9.69721266482095,-0.000116962013759379,Cyclohexane,0.18836499,0.0290381
310,0.0006234623426157,14.16533254687915,2.748532120902275,4.54838271762342,0.0002013004235625,Cyclohexane,0.12313271,0.04314142
311,0.0008221690174207,12.931335152373164,3.667292414561649,2.92409854830566,0.000186794163681,Cyclohexane,0.19653877,0.005
313,0.0027474746008239,32.47710797389961,7.316496868176436,38.0477669531776,0.0003587928681543,Cyclohexane,0.1126065,0.06181183
315,0.0005637992303079,4.1385318426119,0.0035369928109292,-0.0827795544983339,0.0001701965075805,Cyclohexane,0.17645525,0.05158713
316,-2.43964581819838e-06,-0.439401886290364,2.6475328158802687,1.7759347746032,6.284053096444029e-05,Cyclohexane,0.09867243,0.05443833
319,-0.0016361684177865,-0.926474391575254,0.5754835050477065,-0.0406400652917764,0.0002146652009533,Cyclohexane,0.20196713,0.0358264
323,0.0009490245823786,33.86700277607577,0.0160647357767864,0.0513194508581516,0.0004194730526036,Cyclohexane,0.15128436,0.04067476
324,0.0006447824727238,-18.5300684713609,2.836510440170127,0.88662556280877,0.0001246101452348,Cyclohexane,0.15299242,0.08204649
330,0.0024362056109046,44.32159455915428,2.402396911777647,4.23657490908599,0.0004038417623211,Cyclohexane,0.14832638,0.06052281
331,0.0007515342106394,14.856676120198806,0.1713836245698567,0.00890519401418211,0.0002194508029903,Cyclohexane,0.1432707,0.02552581
332,0.0006186240569447,32.18892457005701,5.385455362277873,4.13732818326004,0.0001762033030566,Cyclohexane,0.14916356,0.06393523
333,-5.2681417351099e-05,-1.33471000149005,0.0065815389520256,0.00344781342705021,0.0001788942753068,Cyclohexane,0.12061318,0.0579034
336,0.0009393290825541,14.753757348088271,2.7393913201315048,4.73251352351753,0.0001715523730401,Cyclohexane,0.143099,0.04945414
338,-0.00548035621632358,-1.51319677163018,2.674393827587992,0.786720760775138,-0.000261941437756323,Cyclohexane,0.1224933,0.07662501
339,2.062044324558393e-05,-0.0892909783455318,0.1450938523968834,-0.0188174234451231,-0.000227919843180172,Cyclohexane,0.08582509,0.05202927
341,0.0004103208690856,16.11895785715072,0.0450242869400858,0.0365106739651291,0.0002116515499039,Cyclohexane,0.13204285,0.0437344
342,0.0002966279988361,-12.3013876591045,2.8910313878985128,1.85777231552716,0.0002482014131562,Cyclohexane,0.22339517,0.03472723
344,0.0007119179519566,29.945373030817063,4.4038026961228764,4.30991530124591,0.0001349975337328,Cyclohexane,0.14108882,0.02949527
345,0.0010034925599326,0.2286084686720241,-0.0862708019885326,-0.0227767152202737,0.0002696150971847,Cyclohexane,0.23681987,0.01476043
346,-0.0128677239679966,-44.056787587118,0.0870079740040722,0.0682814565583814,0.0001596027104585,Cyclohexane,0.10748489,0.0631134
347,0.0008423283157821,36.992021027560654,60.19432752453648,9.6814481407362,-8.69007439367097e-05,Cyclohexane,0.14099397,0.04941612
348,0.0024716553669666,30.33327267086746,-0.104586620021793,0.460196285632251,0.0003990034637552,Cyclohexane,0.16788233,0.05043268
349,0.0010910684473622,20.35296687291564,2.86248088707084,2.55299706768256,0.0002491913049679,Cyclohexane,0.13472244,0.04566513
350,1.9782094628453e-05,-0.0338082567296371,4.081642095579958,2.30257471456851,-0.000249861010868025,Cyclohexane,0.15273608,0.03709962
351,0.001229815817525,17.435081763786886,2.7853900934524605,2.06806842389423,0.0003550020267941,Cyclohexane,0.10798189,0.04174951
353,0.0011848041095619,7.831251240255195,2.9859540359526173,2.14862457608902,0.0002209792898967,Cyclohexane,0.17915613,0.01441948
355,0.0010414362301835,30.574632650240705,3.7045115531725847,4.092318552763,0.000247533334914,Cyclohexane,0.17138233,0.05058594
356,0.0012796323386819,47.74478637264295,18.945070252754103,7.04056818093362,0.0001803379976537,Cyclohexane,0.15925785,0.04218948
357,0.0007164942281884,31.458354994066443,2.5263543764613967,0.0434659963345756,0.0001784773615017,Cyclohexane,0.1665755,0.05446279
358,0.001022168450808,31.072822398919875,0.0484399208011634,1.83964940889419,0.0001616952863097,Cyclohexane,0.14491854,0.05526039
359,0.0010801767875332,20.49563192556632,3.8295335889897353,1.69713386143615,0.0001617531222613,Cyclohexane,0.19610835,0.03655564
361,-0.000335060423931346,0.1233005629643907,-0.0502124995499825,-0.0273272867494425,-0.000184539964174833,Cyclohexane,0.17516547,0.02916545
363,0.0004457673318669,-0.492456442452653,-0.212242725983358,0.104952251152567,-0.000137904036560482,Cyclohexane,0.13009585,0.04467419
364,0.0015118747496171,21.00959520563221,-0.0730563587381768,1.60166723245438,0.0002554391623103,Cyclohexane,0.16869068,0.0323084
367,2.260634730434991e-05,0.8832763634275542,-0.0514669335924266,0.66588393161207,0.0001851472962028,Cyclohexane,0.15214577,0.02543616
368,0.0010041775867926,32.0776030928973,3.7252491386910096,6.48176205612361,0.000193493290004,Cyclohexane,0.14336263,0.005
369,0.0003785406170843,3.724272059875609,3.329878922421902,5.80877356108062,0.0001909496131689,Cyclohexane,0.20291894,0.03342147
371,0.0006029990988757,13.38536634329254,1.1868918521889116,2.46133846071773,0.0001742746772845,Cyclohexane,0.16943788,0.0478299
372,0.0024107536217324,49.5043870403176,2.7278649369111427,2.80085601261901,0.000213114839339,Cyclohexane,0.11747081,0.0441493
373,0.0007022112098315,23.102233851205632,5.445539518621083,4.58488933771496,-5.06731813958753e-05,Cyclohexane,0.16099344,0.04003842
375,0.0010528475045283,0.4923676490211088,5.298600241726237,7.42605796365712,0.0002694435462464,Cyclohexane,0.13652259,0.04823329
376,0.0006446456196697,15.549264474548506,2.6883459714332765,2.16779016454606,0.0001681739393105,Cyclohexane,0.13685493,0.09
378,-0.000112523392799808,-6.95778070074764,24.50377506528459,2.64372044317124,-0.000110394228794745,Cyclohexane,0.14325519,0.04075371
379,0.0007297090439027,10.279177956355335,3.9484864155293473,5.14223963955685,0.0001605937622237,Cyclohexane,0.1306696,0.06902342
380,0.000455373765427,13.030505022891669,5.597714027241677,5.77219674810397,0.0001914940280905,Cyclohexane,0.15667035,0.08011687
381,0.0003443585515716,7.893440395469011,3.706123301721999,5.36929496366136,0.0002088754639089,Cyclohexane,0.14391974,0.07368846
382,0.0010730342581768,16.175183258288918,2.565114170099849,1.89246020052864,0.0002154973732064,Cyclohexane,0.06991388,0.06891388
383,0.0024420451961855,37.98828005120349,3.835441351256217,3.66658153551567,-0.000259006391698965,Cyclohexane,0.13135306,0.04681821
384,0.0007994506340679,32.0326657160989,5.77354206179428,4.36213130934683,0.0002132927956574,Cyclohexane,0.149324,0.02359279
385,-0.0059435619215264,-1.01081598660163,2.6334266209992405,6.82596768306264,-0.000131092786840993,Cyclohexane,0.1902557,0.04605477
386,0.0007477977781123,30.76504734382492,2.149125285926638,2.84697927750402,0.0002441480239949,Cyclohexane,0.16183215,0.02159697
388,0.0008700049531005,16.763338646380184,3.8016170974695394,3.5647798875391,0.0002107628779693,Cyclohexane,0.16004596,0.0159761
389,1.2637733476485569e-06,0.6849267828901197,3.9557737678322833,5.77063210797018,-0.000256830566042089,Cyclohexane,0.12471594,0.03951509
393,1.5686952229771825e-05,-1.23009050995037,5.159563802113057,5.392336954767,0.0001853971080597,Cyclohexane,0.10009752,0.05380957
394,0.0005562588991427,30.16729455358322,0.142251489100456,0.120305193364653,0.0001362156167397,Cyclohexane,0.16947784,0.05443737
395,0.0006974095649864,17.273449280520406,29.33941120808539,3.84545254157087,0.0001665713384232,Cyclohexane,0.07827675,0.03669797
396,0.00061862233559,0.3423549254001873,2.6809626746099053,0.370794416242935,0.0002443524353385,Cyclohexane,0.18079886,0.0490438
398,0.0006457171379546,-1.27998754152641,80.2017968216391,63.7798751282049,0.0001401348656906,Cyclohexane,0.16054171,0.06710874
401,0.0015167254700277,11.779611459844084,4.032512851138351,7.06776296244045,0.0002495727260345,Cyclohexane,0.2019185,0.07709329
402,0.0006065818520564,-0.0742331297302687,2.9299172493922354,0.53621053555587,0.0001780890637781,Cyclohexane,0.12077111,0.04336479
403,-0.000108187018593699,-1.94771683393814,5.365143377041963,2.93142246486599,0.0001616939927977,Cyclohexane,0.20450288,0.05332367
404,-0.0126087316741896,-94.4786176977659,2.966574026329408,1.75244989469525,-0.000282255762953343,Cyclohexane,0.24812958,0.07516455
406,0.0017012625919453,31.39359976220526,2.7425984829876198,2.87161011094213,0.0001534542443058,Cyclohexane,0.16784452,0.01865534
407,0.0011979255573005,30.92433697206993,2.724956108253135,5.1920238179206,0.0004084455760598,Cyclohexane,0.11266538,0.04978632
409,0.0004337534551828,-0.62421996981929,0.1199224709805487,0.0133815111276356,-0.000241149161422274,Cyclohexane,0.15862896,0.00948129
410,0.0034864935883822,38.44525196491108,3.0394577331430983,5.34551424123491,0.0001912543809708,Cyclohexane,0.17196372,0.04523957
411,0.0007289071380137,29.40134953552527,1.9458855265019248,0.852684732164477,0.0001859794290842,Cyclohexane,0.21545147,0.06140786
412,0.0027599557469087,32.47800658616141,-0.194066352400438,2.09196938147257,0.0003714858212522,Cyclohexane,0.21003997,0.04413344
415,0.0005886647994132,22.182543844061264,2.825817915581652,3.13616808748956,0.00017473394937,Cyclohexane,0.26297154,0.0506537
416,0.0030031316784931,33.173704840515654,1.9580417227824507,1.5966475636464,0.0001754479494036,Cyclohexane,0.16152342,0.02903926
417,0.0006746195178521,16.842444345732172,4.523686569037452,1.27673415689378,0.0001701330889693,Cyclohexane,0.18549475,0.04789461
420,0.0005340423600236,15.219917385906228,3.7168781452154422,3.86511679623749,0.0001587794073668,Cyclohexane,0.11592777,0.06892076
421,0.0007060008102137,16.890430130475043,4.169538583678053,3.02958675492683,0.0002099562484351,Cyclohexane,0.13212649,0.05249464
423,0.0010488212755255,16.409124517323374,4.49639962802542,3.49673637129224,0.0003021770781226,Cyclohexane,0.20409444,0.03084779
424,0.001242003887522,26.173304566798507,0.0061405694888085,0.038252278104596,0.0002138877629074,Cyclohexane,0.09010533,0.005
425,0.0010322000316348,16.681698924105767,0.0341562946597218,0.0869030225069425,0.0001748643601432,Cyclohexane,0.04660741,0.03288796
428,0.0032619534733915,47.25564274440366,17.93607407933897,5.2703755370998,0.000193267789617,Cyclohexane,0.17740983,0.04934042
429,-0.00834691671405177,-1.7203760556905,0.1532505829159674,3.33048782519751,-0.000282332742603033,Cyclohexane,0.13792928,0.04943412
430,0.0011454597539059,21.04521325223165,1.2072755554666323,0.828432751890465,0.0001912978156009,Cyclohexane,0.21591948,0.06901085
431,0.0007676004233239,14.375126765644469,1.828280633555073,3.72561688478324,0.0003693352727188,Cyclohexane,0.16096289,0.05101804
432,5.887584543304505e-06,-1.25445449197201,2.6987048593023086,1.59140544712464,0.0001976326474643,Cyclohexane,0.15404488,0.02306509
433,0.0012543258943997,21.436066528727043,-0.0504052114998296,1.91126660426731,0.0003484431815262,Cyclohexane,0.15807093,0.05704945
434,0.0014599287107717,26.77352640085031,2.234632802284413,0.244189594162038,0.0001827907126973,Cyclohexane,0.14107272,0.06612645
437,3.751624762239188e-05,-94.7312906067362,30.21615279801638,5.36652579322217,0.0001710755144642,Cyclohexane,0.07728472,0.04479986
438,2.909381111248225e-05,-0.181056744759988,-0.0601901048399113,1.6564308208787,9.249478150145376e-05,Cyclohexane,0.1374546,0.05530439
440,0.0006406981423933,11.450113664545212,2.2910339279719643,3.47889503761114,0.0001909798592409,Cyclohexane,0.13555455,0.0238898
442,0.0006854486804267,36.64958596876474,4.713199408027721,3.96611716159967,0.0001589607587385,Cyclohexane,0.14933609,0.02472427
444,-7.43053332495217e-06,-0.415712385352075,8.295840899369182,52.5053541992229,0.0001738993182849,Cyclohexane,0.16475122,0.06160529
445,8.553095511452687e-05,-0.977479942450256,0.7970188401573404,0.20425013366565,0.0001891413608135,Cyclohexane,0.13959251,0.08371615
446,0.0002509546913485,-22.918206986743,31.47492570691397,29.7200351498278,-0.000271672487542376,Cyclohexane,0.17876207,0.02127087
447,-9.42524570267774e-07,1.2126315105663992,1.0168119602557717,-0.0064517633316918,0.0001587909047766,Cyclohexane,0.16541507,0.04726351
448,0.0018914253054283,38.08175539423541,5.324808117632574,6.55760650680191,0.0002482059651099,Cyclohexane,0.17445815,0.03260723
450,0.0005880897273629,14.087967736742543,14.168968967267826,7.72892719049214,0.0001640181845588,Cyclohexane,0.11298201,0.04800777
451,1.5384121915840986e-05,0.8955046379823914,4.027567963501714,9.45362598764915,0.0001665612652638,Cyclohexane,0.10265706,0.09
452,0.001009757745103,31.7611219830986,0.0089197250807804,2.11962800878777,0.000440092019259,Cyclohexane,0.11184089,0.05262393
453,0.0011663432801297,31.227542111320943,3.738760987824439,5.56613160128761,0.0001749623448003,Cyclohexane,0.16366318,0.04240704
455,-9.16996665529123e-05,0.6618271750290234,0.1535145665309396,0.00734129076011883,0.0002460792586566,Cyclohexane,0.12005214,0.05971783
456,0.0008208025161661,-23.8246939405839,5.606333156656797,3.79737099461305,-8.66205337098376e-05,Cyclohexane,0.13223807,0.0455076
459,0.0011393437191492,20.4409796305264,4.132383238451719,0.279210931625602,0.0001905730692958,Cyclohexane,0.09612897,0.05418176
460,0.000987634546154,32.565058046387534,3.833569742099165,2.22131957852037,0.0001778966991486,Cyclohexane,0.17748117,0.03990026
462,1.2184286340152436e-05,10.132013004954471,2.7076369543983603,3.04668924961402,0.0003536328254536,Cyclohexane,0.13779423,0.02551735
467,0.0014638495530144,35.87983724710438,5.682271572308942,4.11524403812284,0.0001359991542855,Cyclohexane,0.19602076,0.07223219
468,1.2534782853078214e-05,-86.7393744413888,2.1920497748168755,1.0524019676706,-0.000187167354723306,Cyclohexane,0.12669057,0.04899472
469,0.0009908051481798,17.951196567504567,3.998412497120025,2.9684049148228,0.0002178568414245,Cyclohexane,0.08542506,0.05048919
473,0.0006343341518154,14.28359200812646,2.7034486866178,0.85101514137466,0.0001905926972252,Cyclohexane,0.12357912,0.09
475,0.0004118527248762,10.41069808413467,28.38406939505354,28.957646142153,0.0001924916095637,Cyclohexane,0.07427915,0.02580284
476,0.0024747356695151,43.26169577682179,0.0333126644375693,2.5242901046271,0.0004975048274005,Cyclohexane,0.14963687,0.01258674
478,0.0005641617361378,7.403036708903177,3.9235000618807465,1.85311685222851,0.0003151653335662,Cyclohexane,0.13198252,0.05681827
479,-1.46495943715905e-05,-21.5426939601085,2.9199832345607684,1.98811307133558,-1.11819702663924e-05,Cyclohexane,0.16490116,0.04912656
480,0.0006067945191753,12.553123201273875,0.0020883851585652,0.0803587070505762,-4.10467344963516e-05,Cyclohexane,0.2018643,0.07220144
483,-7.50768224187316e-05,-27.5595857140715,0.1023178860671253,3.91267499639706,0.0001812607724394,Cyclohexane,0.08767577,0.07050028
484,0.0011494105850615,13.11388309103536,3.172080166123304,4.71493036731225,0.0003282327070562,Cyclohexane,0.09503402,0.07361813
485,-0.0119067892982202,-25.9832846350689,-0.000905383973738894,0.353339300087219,-9.38835417966413e-05,Cyclohexane,0.10240395,0.05488797
487,0.0010450140625811,13.714594913663138,0.0411587582313402,1.32803580959395,0.0001363421856696,Cyclohexane,0.17475397,0.0495405
488,0.0006493761476807,40.92461241976097,5.542329438584127,6.3491465799752,0.0003006522887605,Cyclohexane,0.0811198,0.03447586
490,0.0005072548562942,-96.0212304238493,3.2074732705277444,3.94378041012046,-0.000288535222800807,Cyclohexane,0.17781452,0.04031966
491,0.0003550248861949,-1.33809099242676,0.3412536925048099,0.876897334155524,0.000303062203844,Cyclohexane,0.19315304,0.06111158
492,0.002587919400893,40.58712749013959,6.489849295581177,7.08276166486807,0.0003974335712387,Cyclohexane,0.17572426,0.0624751
494,0.0005968956005628,14.44123023194408,2.377650626581693,0.105366792327164,0.0001963828233245,Cyclohexane,0.06730523,0.05319358
495,0.0007339876470636,19.51374582666745,4.202979819851116,3.78987128640083,-0.000258941265264168,Cyclohexane,0.09293566,0.03964929
496,0.0026190539371896,44.06456715010244,4.759200621752689,5.62689218713127,0.0001741150740715,Cyclohexane,0.1383785,0.03095831
497,-0.0113368132463978,-2.0405443987463,2.896346995438758,3.8672007112417,-3.36144012606751e-05,Cyclohexane,0.15610541,0.03347435
498,7.600104422186409e-06,14.639522607763194,40.09097037318014,7.42834481866434,-0.000288744683374391,Cyclohexane,0.14628373,0.06947213
499,2.9031837313393517e-05,19.61186739749381,-0.0387046512771484,0.0381576308898706,0.0002109396731694,Cyclohexane,0.13404992,0.04714477
500,0.0007784900902918,36.14023602626205,6.122984939902714,34.3853448450766,0.0003607570303184,Cyclohexane,0.06827299,0.06224718
501,-20.3270956550126,-99.8562719456956,93.3105647948223,84.6142474227644,-0.183697064271067,Dichloromethane,0.18440324,-117.57545
502,-6.16052311661792,-99.8749595442911,80.27319446503589,28.9835589186972,-0.00530846887118011,Dichloromethane,0.31552432,-216.68352
503,0.165212301633012,-50.8784650117523,3.0663275572544766,3.22968528725262,-0.0109646006262859,Dichloromethane,0.41,-185.52774
505,-0.641852170717081,-82.3684814526696,6.230054542429995,5.18854038609997,-0.0285969713849187,Dichloromethane,0.30440853,-128.38606
506,-21.3012784510803,-99.9161364481141,21.491758764498087,10.837804762467,-0.181690547620655,Dichloromethane,0.35692968,-201.30152
507,-8.72607548982931,-99.5128590417635,19.64701021616265,45.9667339924983,-0.294249520623789,Dichloromethane,0.31690811,-284.08623
508,-0.421106435925766,-99.4888956131799,5.589953384447365,11.4407432451927,-0.00557746636173104,Dichloromethane,0.33305245,-65.00763
511,-6.89237431156621,-99.8280744315931,80.53106748310176,47.7470455916781,-0.207567887051111,Dichloromethane,0.27322486,-249.77099
512,-14.1652065723878,-99.5712189543666,88.76301549815105,25.327772831956,-0.231785375174571,Dichloromethane,0.22574196,-157.62788
513,-4.33553549956524,-85.6076137869541,37.194534650511365,63.1066878210726,-0.215921576666735,Dichloromethane,0.23411582,-305.97556
514,-17.174949804372,-99.5391594440683,22.76038228268829,19.5943706440975,-0.18691072440481,Dichloromethane,0.41,-318.91612
516,-1.43360750163729,-99.5734993235648,10.472475334402894,6.07366537885507,-0.0371526304123021,Dichloromethane,0.36079964,-251.63877
517,-23.6487210636287,-99.8794291863345,28.551902033383445,40.2194014700239,-0.187491217640107,Dichloromethane,0.30879985,-237.04774
518,-1.42195079898077,-99.5709622414585,9.0933958366401,8.95264105837291,-0.182665249706016,Dichloromethane,0.33693758,-101.03543
519,-0.250312700586659,-5.29213842314155,4.111325614209592,4.72018124746383,-0.189447577570824,Dichloromethane,0.29408473,-259.57784
520,-27.6195277444921,-99.9238106681373,92.9977462778628,83.6381653873748,-0.312031434957996,Dichloromethane,0.32246808,-118.44543
521,-0.328705346401595,-90.8406410597218,11.491183443705491,1.53997216671134,-0.0163757813443141,Dichloromethane,0.30709811,-145.75646
523,-38.0542461540922,-99.8271749295489,27.381156951659552,14.9044912887825,-0.383978300986659,Dichloromethane,0.20746454,-250.46044
524,-4.84598641274695,-99.5912073398031,3.5039955776791816,9.54156215827045,-0.0426866091888633,Dichloromethane,0.33422354,-188.57527
526,-6.40080851131519,-84.4315678313106,12.415349620648565,19.8722331849277,-0.224424804496311,Dichloromethane,0.23030237,-147.3745
527,-14.3091281956356,-99.8696217546115,96.38765694702072,102.877532572115,-0.0381780523101079,Dichloromethane,0.14031188,-190.35579
528,-21.2153601736227,-99.8245567892504,6.510043138426391,5.3707005460226,-0.184180213300248,Dichloromethane,0.29954228,-112.48728
530,-14.8714180492523,-99.5651489923729,16.231580859993006,24.8914306238198,-0.205934058790204,Dichloromethane,0.30803179,-269.24235
531,-32.376187534673,-99.7460507521625,44.06989276792677,70.8553514625058,-0.185247547047345,Dichloromethane,0.29116933,-235.20619
533,-16.254953772809,-99.7537877280693,96.32244805591893,87.1447784315744,-0.205644384299712,Dichloromethane,0.25538378,-215.7652
534,-0.906877370261471,-99.5698201414577,31.063968622594764,72.3293322816453,-0.0379730837632077,Dichloromethane,0.30666486,-156.78112
535,-0.851873413593312,-69.0304806386507,18.209675510800658,15.4452905175569,-0.186356762566012,Dichloromethane,0.25862441,-247.63422
540,-0.269919720222251,-94.724100796223,29.46239209252421,15.1344092766694,-0.00189196195195477,Dichloromethane,0.32162426,-249.207
541,-0.350101935760367,-53.0243880078202,8.151637433836505,4.95181620085271,-0.0403009429056898,Dichloromethane,0.3447259,-183.00133
543,0.4042837563093908,-45.2987010603633,1.651894914744467,1.75440109965826,-0.0113018115744617,Dichloromethane,0.21321949,-205.94782
544,-0.741287256988679,-99.4333831838765,5.327395760945807,13.0663724058829,-0.212931134481062,Dichloromethane,0.2094031,-121.88726
545,-34.1428730054167,-99.8711383413673,80.16499104371108,60.0701587584619,-0.222897914407761,Dichloromethane,0.34734752,-91.25334
546,-20.6576528425861,-99.9663656851299,28.030555428070123,14.1061415558539,-0.0158920991126706,Dichloromethane,0.26848971,-250.8192
547,0.1203433776371952,-59.4042612559271,6.772561929672138,9.97554932548521,-0.0450256832123844,Dichloromethane,0.25634116,-312.1288
550,-7.13890868264573,-99.8895366591523,34.40652011246342,21.4647105199165,-0.0596327718618498,Dichloromethane,0.22494158,-204.09402
552,-7.62583541512837,-99.7861941637286,4.544399547207299,7.06131304674635,-0.166542221502518,Dichloromethane,0.33801269,-125.09951
553,-4.45267111105981,-78.3062261589599,36.037517250716846,38.226398003508,-0.228763757703291,Dichloromethane,0.30706429,-275.87685
555,-46.6937447232068,-99.9669143236253,101.45360028836627,125.429757403405,-0.286894591836838,Dichloromethane,0.33871548,-262.36942
557,-27.2129174713601,-78.426549545785,34.61156450586634,50.2759064443906,-0.242130186388926,Dichloromethane,0.31953064,-213.24702
558,-0.957351187936705,-99.4335101392672,3.3956324342166697,1.72024829986593,-0.00543791216322977,Dichloromethane,0.22366886,-243.74484
559,-6.82669619136527,-99.0516210415804,15.366348164599405,9.93500556874543,-0.0343699154685033,Dichloromethane,0.29267917,-235.67859
561,-23.7667183580418,-99.6359895383493,36.33617742200016,26.4800811687633,-0.227575740985544,Dichloromethane,0.34217564,-70.49106
563,-23.4590972235582,-99.7833681414606,28.57637922367692,85.8697447890725,-0.218296265959595,Dichloromethane,0.26450472,-221.23988
564,-8.39893403250492,-49.3884003228717,99.8231655412162,107.960900450845,-0.302226470589868,Dichloromethane,0.26214252,-247.35177
565,-0.576620253287339,-99.6320023554536,9.63099925119239,21.6925751318183,-0.208027612656917,Dichloromethane,0.35016353,-206.27888
566,-16.7145419287482,-99.9459408975848,12.85586067087647,53.8098876630515,-0.0136986844592891,Dichloromethane,0.12,-54.75414
569,-21.1525032204723,-99.9720082236622,46.72379333128292,37.6378744048224,-0.0387533134970467,Dichloromethane,0.20044649,-189.57833
570,-19.7230648865617,-67.1719540677368,13.738180577733566,44.1054362949132,-0.184118297870578,Dichloromethane,0.29849994,-143.93766
572,-1.13056110916616,-99.1935285036353,7.882312524657867,2.25899217982431,-0.160211192889322,Dichloromethane,0.27249553,-187.00545
575,0.1712959626983216,-99.7721720622465,16.129854522482727,27.7035972416391,-0.0678990595238416,Dichloromethane,0.41,-216.34656
577,-14.7465513602366,-99.7733785091786,12.491688500535211,26.9226234696865,-0.186443446943594,Dichloromethane,0.23335169,-124.10863
583,-7.1176481820949,-99.7532880578813,13.70591380601224,14.4298751958196,-0.00578461459770836,Dichloromethane,0.30234273,-265.97071
584,-24.1150863327738,-99.9365598738697,5.402413472916898,21.719431729953,-0.197889262490532,Dichloromethane,0.33050249,-232.6291
586,-22.9313085396214,-99.5330400193041,95.58266925709614,110.527250986702,-0.355183940077702,Dichloromethane,0.19256487,-84.2624
589,-1.44908382838182,-99.7782712092179,1.3603552814563566,0.621398457134331,-0.00579176528863901,Dichloromethane,0.16770698,-226.97825
590,-0.122359529560421,-99.570943857739,11.254897265886264,2.56066083566741,-0.0082414516161604,Dichloromethane,0.16812259,-247.71488
592,-8.25842770557063,-99.6779972869852,28.232993698068597,44.5204941068823,-0.0475367143983041,Dichloromethane,0.29607279,-179.18783
593,-7.18608157095501,-99.9184150631934,17.87962838904414,14.6054812885659,-0.149327970868158,Dichloromethane,0.20804804,-228.9536
594,-1.13679791521994,-99.8312823788313,9.058700983893091,6.77632406013114,-0.177894845744104,Dichloromethane,0.30139363,-183.38792
595,-12.0067853813307,-99.772260445122,32.86215447211721,40.0643347662361,-0.042713689546414,Dichloromethane,0.19905581,-100.20966
600,-21.8655772300307,-99.8229693023442,93.71411683615808,96.6749526881546,-0.231632412566992,Dichloromethane,0.22678962,-208.06942
602,-0.229770104832979,-71.6859747584142,2.0598879898025624,4.27365759720409,-0.0140877684984705,Dichloromethane,0.22637802,-127.22443
603,-13.9331203521042,-99.700392822773,9.416625313821283,15.3180708643736,-0.18911082659443,Dichloromethane,0.19180938,-164.31235
604,-6.26160853247417,-99.5864790455886,28.4625771376145,40.8440428276382,-0.0163494709379858,Dichloromethane,0.26830155,-112.61527
606,-18.6026882079528,-99.7731478260423,16.640508848897674,60.5465036311604,-0.221125555378805,Dichloromethane,0.30310081,-266.40308
607,-1.38945126604773,-25.8560421137555,9.95287688478553,12.7310751782591,-0.31883021755558,Dichloromethane,0.30246202,-238.43241
608,-26.7569238170437,-99.7807401202852,101.00616587752349,56.0026501142893,-0.382844962244176,Dichloromethane,0.25776515,-260.67256
609,-0.714123825156418,-99.8173513014766,6.550501269030667,10.1824369979727,-0.211526679097316,Dichloromethane,0.33505797,-164.79265
610,-6.28574405065699,-99.8184918599238,71.15356839127512,80.7940902619454,-0.228096282219395,Dichloromethane,0.32880031,-180.83285
614,-4.49763883092139,-99.8784204198998,12.040985474615322,27.4648843697827,-0.125035129774356,Dichloromethane,0.39561222,-116.38167
615,-20.0377665385656,-99.3187190848901,8.054023960591948,53.3160218699156,-0.188326308720581,Dichloromethane,0.34112142,-255.58213
617,-23.8034259350452,-99.562273303769,51.02471268635981,17.7768148051596,-0.389392660079086,Dichloromethane,0.40339812,-187.12533
618,0.4477824501475381,-90.9904291764326,2.3747252739393203,2.8207195092518,-0.147729431836703,Dichloromethane,0.19667341,-45.0
619,-21.2165286355681,-99.8525632127057,9.030405016540332,8.16256543624103,-0.212323713188461,Dichloromethane,0.16562965,-129.13925
621,-33.5108936079361,-99.8989930577845,16.617087822901926,25.7465348752472,-0.187267436848917,Dichloromethane,0.30547257,-180.65363
622,-22.9335477608361,-99.9148700327332,15.010090894381197,29.719824993123,-0.188673121675753,Dichloromethane,0.32645126,-115.46144
624,-20.9133058307501,-99.6236331346547,96.69619385268842,99.0378342570657,-0.224230858957766,Dichloromethane,0.19790574,-223.98353
628,-21.3116300313316,-99.6262812936469,95.873780570799,92.2311206355231,-0.207822444723055,Dichloromethane,0.24039898,-194.37501
632,-0.832636393378479,-99.5758654955407,9.883191788333232,14.2681840079064,-0.0475011369610732,Dichloromethane,0.41,-330.0
633,-7.09212275019283,-99.8070527379473,92.96802979102608,60.7130643125631,-0.225654565769135,Dichloromethane,0.2159864,-193.47543
635,-0.62832838427584,-89.8303666824003,4.467259529598959,8.22786548860365,-0.205596230246289,Dichloromethane,0.2511224,-174.04768
636,-0.884215816737969,-58.1790085837763,2.7237401937518047,7.34072023615595,-0.0444066438092886,Dichloromethane,0.3591608,-160.75012
637,-6.0222754467127,-99.9890939246375,11.096675947465704,9.45602036480298,-0.198797438861011,Dichloromethane,0.34978116,-192.18177
638,-20.5076377567738,-99.6364628341087,101.4413922803304,102.94432126428,-0.232646702874473,Dichloromethane,0.402834,-176.57718
639,-35.6637867909515,-99.4242539155891,99.817788773929,126.323622094165,-0.231421876441478,Dichloromethane,0.26481148,-126.39958
640,-11.3439345691229,-95.2839182454019,26.836741194781844,40.4569209049787,-0.314725589681698,Dichloromethane,0.41,-228.27889
642,-8.62924586378901,-99.7252329100561,96.35328052908574,105.429208974846,-0.0198406503110237,Dichloromethane,0.25496785,-180.75532
646,-23.5811188214028,-59.1738590715744,95.71992415776502,91.826494707144,-0.392983155130308,Dichloromethane,0.36799688,-206.27122
647,-1.8250965119691,-80.197969292479,49.99716436709139,33.2241232242591,-0.185887472678098,Dichloromethane,0.29356173,-155.75241
648,-23.4304740733084,-99.5519887672323,68.35431862073916,36.256383463108,-0.214540078542379,Dichloromethane,0.28426404,-171.7913
649,-0.243047674066426,-36.4449591279915,13.144496508154177,12.8515823394467,-0.255371124906017,Dichloromethane,0.27629419,-95.61453
650,-29.3094839738521,-99.8357608158798,21.182825598744596,27.6389170056831,-0.309226001841943,Dichloromethane,0.34169296,-166.15723
652,-6.9582879866806,-90.1538467717345,12.976299367155857,36.0784048577026,-0.188589529623661,Dichloromethane,0.26968495,-193.48529
653,-21.4399888136965,-99.4957741579994,90.12748323012292,80.4393607430917,-0.0483037781717474,Dichloromethane,0.33908583,-229.05264
657,-0.416231279883026,-99.7078605727437,2.4699098947131635,5.72071430364079,-0.166939254499702,Dichloromethane,0.24955959,-254.03933
660,-0.445196241490221,-99.3906999092269,86.37320704867962,53.8781287910862,-0.00472114089232468,Dichloromethane,0.30997428,-114.36516
663,-0.269632405181286,-99.6425935225979,2.007215750798213,1.13593308779937,-0.00557329919795449,Dichloromethane,0.41,-200.92867
665,-2.67027034621013,-99.7655051383658,27.276944021466644,76.5872701470873,-0.212883447033888,Dichloromethane,0.33673441,-220.84144
668,-0.389170345274277,-99.5690048850014,8.734679810847263,6.72455903281459,-0.0177038133290803,Dichloromethane,0.24163157,-141.43909
670,-17.9884666148436,-99.5254302678071,99.06280329391288,124.393582650271,-0.214143893059439,Dichloromethane,0.2478033,-160.45282
671,-0.52388151045826,-91.2825726321728,7.847768037574742,9.50060284740797,-0.217120855302284,Dichloromethane,0.2464981,-141.32659
672,-0.539016218245788,-73.2935073346247,12.891009172994238,47.7374714237258,-0.130399186767596,Dichloromethane,0.23066363,-306.88716
673,-0.0384914996535903,-99.5607067864723,9.254459903947648,6.23199093578862,-0.0799509967361715,Dichloromethane,0.27963723,-250.98005
674,-1.5656084905104,-99.8276968937153,0.2218060292356994,0.903798474321722,-0.039978407279006,Dichloromethane,0.24088415,-259.41302
675,-8.92384471354355,-90.7273843563519,14.948340776314128,6.83262375345688,-0.229538290024028,Dichloromethane,0.16600046,-188.81087
680,-7.61320569983325,-99.854816281197,70.19663604227782,43.8029730609916,-0.215969393080634,Dichloromethane,0.28366356,-295.61919
683,-8.54670400714317,-63.2245959596049,1.9168337861683775,3.63172302541662,-0.0311558595269661,Dichloromethane,0.26738028,-162.90667
684,-15.6655058960948,-93.778947422741,32.7171319556539,14.2991283336792,-0.252612045582364,Dichloromethane,0.39450634,-177.38803
685,-23.1193935457393,-99.9717957019616,16.294008497981118,31.3253592508068,-0.157800604316437,Dichloromethane,0.35352011,-168.25371
687,-22.7226160655791,-99.9477675312461,95.96980923284356,85.2137394768746,-0.189066634336324,Dichloromethane,0.28066398,-150.01593
688,-0.520426313256794,-83.8368231672834,81.62115069632641,39.6322642843616,-0.220481824569233,Dichloromethane,0.29018049,-164.72255
689,-1.62157764162323,-99.5774681600786,11.855924842886637,15.0298504223714,-0.0457172316355535,Dichloromethane,0.28879525,-245.10236
691,-23.216752025816,-97.483700047795,85.28960610931128,35.7100149045817,-0.350776461625098,Dichloromethane,0.22047399,-108.89325
698,-0.210272509523594,-99.5960151751639,4.573475026577296,7.54919976574037,-0.00316173539872932,Dichloromethane,0.21958846,-148.53163
699,-21.9197390222721,-99.8474189511894,13.684128783221029,19.0574414353874,-0.34883916391396,Dichloromethane,0.22805258,-157.21478
700,0.0300696521953043,-50.2304529999873,13.028235911698394,37.3992463801278,-0.0287981652096029,Dichloromethane,0.29808937,-261.27888
702,-2.56711147677967,-56.2346693397922,34.12218072787528,76.0488792164296,-0.0457437625263447,Dichloromethane,0.3327431,-119.16024
703,-10.8722432920487,-97.387928567231,90.83809072048211,76.0407933090442,-0.265229488967446,Dichloromethane,0.33011884,-180.24505
704,-8.2669933352466,-67.7031373227751,26.746591163802105,40.7456641942245,-0.20037454096339,Dichloromethane,0.29094947,-92.53784
707,-8.41034924670356,-76.3623292942572,10.822945367916118,21.4721742205877,-0.230215180788831,Dichloromethane,0.23657465,-275.32663
712,-11.2988253759674,-99.9517439182005,11.831757182836874,7.58348001015435,-0.0752544478028587,Dichloromethane,0.26193509,-229.94886
713,-7.22342696955564,-99.5955676417384,7.46131079169268,6.92963654011075,-0.193221721333893,Dichloromethane,0.39936193,-183.54863
715,-0.774423158253179,-68.5282883287978,24.0727237720597,30.8579845139739,-0.0482082421426029,Dichloromethane,0.35233649,-129.15005
718,-9.02630302938479,-99.4957534006622,12.484506882182288,22.9533991980606,-0.0148890209890015,Dichloromethane,0.28325541,-232.36176
719,-23.2598258979889,-99.5920452467734,87.95729334551282,65.1962925325551,-0.399285186733593,Dichloromethane,0.35568377,-318.91427
721,-0.277001583622,-99.5924233386272,0.7613436274827541,2.43455507065037,-0.184314210069113,Dichloromethane,0.26246498,-131.69061
724,-21.2375602354891,-99.9281222897235,94.2226369096024,50.0270529991636,-0.0341928289228113,Dichloromethane,0.28782097,-199.90131
725,-11.1734623284511,-99.6104153816827,5.261440687681255,7.58902929233109,-0.205033305920748,Dichloromethane,0.2868209,-232.30714
728,-23.9509007250612,-99.9354605589171,93.83345408498953,66.0306428771373,-0.256503012474676,Dichloromethane,0.21716566,-216.5937
730,0.0810060723837678,-98.3326952291875,13.689241165868696,6.71566654148347,-0.203152246620691,Dichloromethane,0.40295726,-226.98838
733,-1.15597121290372,-68.7619137452689,13.58702606059866,45.6605858073802,-0.279096574799774,Dichloromethane,0.33456215,-163.73693
734,-2.81178643768137,-99.8062024367344,95.57208659544618,28.5630726082942,-0.179863389525655,Dichloromethane,0.25049848,-134.15417
736,-0.943124099839195,-99.8657946313922,42.72898460212696,12.9754405963794,-0.0113939657329767,Dichloromethane,0.2944306,-61.32577
737,-45.85387141642,-99.9550520557022,94.26690288738794,91.4486664320664,-0.391754812147246,Dichloromethane,0.31606377,-247.84799
738,-7.04581277992797,-92.5843597679702,50.03260881247406,7.65108788909857,-0.257656322240842,Dichloromethane,0.20117073,-172.17905
739,-1.42596670586179,-99.6016007701308,16.313218607670937,10.6176830949496,-0.00874557632761889,Dichloromethane,0.33063663,-140.01473
740,-32.3688277157519,-99.6859076691089,28.295323667912182,67.2934713232726,-0.230624700095382,Dichloromethane,0.41,-160.4019
742,-0.557396618356599,-99.872793432464,9.998988970949483,17.4930091150416,-0.0646474964729493,Dichloromethane,0.39195995,-127.62753
743,-21.4499355782499,-99.7969096976277,93.21899958868426,104.239513976191,-0.0164556995557762,Dichloromethane,0.31667997,-148.08568
744,-9.56621427166936,-99.4971277815661,2.636520850613356,4.85334733010161,-0.208831650414755,Dichloromethane,0.27332484,-165.37388
745,-39.9076356507422,-99.8004235311528,75.81712988487286,87.8224688171975,-0.276691235854772,Dichloromethane,0.20492904,-315.91658
747,-0.420712349385972,-56.2198851296425,11.13747030102281,2.81122382334687,-0.189437278689052,Dichloromethane,0.17685127,-205.58007
750,-18.4618781092902,-99.4998456394208,38.34556599386261,84.5266437921639,-0.219201838660174,Dichloromethane,0.34019017,-92.42863
751,-20.6865391514675,-99.8210984063048,74.25827139832641,84.0047661859306,-0.347134712082526,Dichloromethane,0.32067302,-146.37267
752,-24.1947745848563,-99.9163506421081,6.498845462658059,8.51494212257191,-0.282302314235196,Dichloromethane,0.30991686,-147.03077
753,-1.40196757079577,-99.8386284860385,12.362181078594013,14.018871828816,-0.0104750304747083,Dichloromethane,0.20612287,-169.10005
754,-0.345547467847952,-77.7246778008176,7.538231291570834,18.8476399191168,-0.209837744437257,Dichloromethane,0.33160811,-222.12063
758,-0.389838607855833,-99.2239379528874,26.01065859483822,66.8262306888529,-0.0521321511159167,Dichloromethane,0.28943896,-247.49907
759,-0.936291598098547,-99.4549170185234,20.97287898288895,18.3331991810975,-0.219092191415906,Dichloromethane,0.19469967,-168.63611
761,-17.5029831628022,-99.9198608076612,92.04250457932292,91.49286888022,-0.040216823480234,Dichloromethane,0.41,-182.72299
763,-0.793424296037564,-99.5819462936303,6.109811316847139,9.38903503708718,-0.0404743364873623,Dichloromethane,0.38678179,-206.40959
764,-22.3366633820671,-81.0247790556227,91.32856918260929,65.8026051668172,-0.24146715247274,Dichloromethane,0.26648055,-152.87478
769,-17.5434641023201,-97.5774555826875,19.22952128747029,46.1881623009397,-0.213796277989222,Dichloromethane,0.30808914,-236.40977
770,-19.0089514020555,-89.245840242308,15.120077158307591,4.40164144556633,-0.226531136992159,Dichloromethane,0.38844365,-165.4543
771,0.0442884755709703,-73.1063344492731,7.923596421934967,5.7085367900056,-0.210627923221196,Dichloromethane,0.31763605,-168.6261
772,-0.299737375743717,-31.3350935242555,28.73028887076499,44.4484898412678,-0.184546677400255,Dichloromethane,0.19100877,-171.62655
773,0.2555708323427345,-99.6001746723569,11.063838048482715,21.2945525178727,-0.0127511217232298,Dichloromethane,0.26004292,-125.24244
774,-0.751648353914765,-99.580093027569,13.026669841636544,18.4339444415307,-0.0059954808117318,Dichloromethane,0.31112933,-238.73768
775,-0.545749629536826,-74.2172310820427,0.8900051539968652,3.9038682881029,-0.0131904589264397,Dichloromethane,0.29867329,-113.19594
776,-1.57725949623025,-99.837467774294,50.618732037883696,29.4595593028317,-0.231851553736805,Dichloromethane,0.16493028,-204.19038
778,-0.835881557656853,-1.60610917993195,1.3360818620776542,3.01446833758825,-0.18820393594189,Dichloromethane,0.34825621,-156.54578
780,-0.892111088533961,-99.7347894486319,13.385875020386807,5.98125640383796,-0.00874898414419572,Dichloromethane,0.22667922,-219.89888
782,-3.97377452680484,-93.6816366135772,12.130945409017716,6.95859745486403,-0.198948725263773,Dichloromethane,0.26737169,-126.72462
784,-7.36667920290309,-99.9009963907946,76.9029449982697,34.8244222461299,-0.185152301208595,Dichloromethane,0.18212571,-79.8469
785,-22.697317179817,-99.81835117819,35.38806840210686,36.8916706691225,-0.229571590475478,Dichloromethane,0.1765201,-140.92616
787,-24.4273701370278,-99.8880992516011,96.98566942840188,100.335570412359,-0.289816239483113,Dichloromethane,0.13997772,-147.82159
788,-0.417121586562225,-59.4075317849399,9.703182051879704,6.0072842931284,-0.00560779608058615,Dichloromethane,0.23131658,-207.82657
789,-23.802617213213,-99.9023079013658,98.63361280273575,96.2926588737461,-0.0795911099795467,Dichloromethane,0.35913075,-306.42726
790,-7.3800077062255,-1.13034718325125,11.67842992272326,7.50455225285781,-0.241664010937576,Dichloromethane,0.41,-191.0735
791,-1.54375991290415,-4.4452794206309,2.5571342658698137,3.64410666978779,-0.218246587309699,Dichloromethane,0.18402881,-251.56996
793,-4.00845692794863,-33.3773186681254,37.19431406457586,39.9134318492489,-0.18615409444253,Dichloromethane,0.31275224,-230.80673
794,-9.14990900992913,-54.8829068341119,13.459626839214998,49.7304870589039,-0.216109322362225,Dichloromethane,0.23858399,-172.29136
796,-5.01069817951458,-99.6398691833306,20.27394817011093,37.6741727524012,-0.274097530960707,Dichloromethane,0.36063329,-199.59003
797,-34.5066423838321,-99.5666689648948,87.0999299559203,84.2014859800178,-0.241501184083478,Dichloromethane,0.29569052,-208.24308
798,-7.62804722277135,-99.7802125334379,6.570332421171459,7.90196058857368,-0.197586321725411,Dichloromethane,0.23164619,-105.11503
799,-0.516318988701976,-98.1744764245571,20.88907846858461,5.72554269875637,-0.2029719874709,Dichloromethane,0.27892246,-141.99213
800,-39.7150953016858,-99.6411146081962,98.06697901362789,119.928054447178,-0.372010818988297,Dichloromethane,0.29049583,-117.2007
804,-7.06108848544688,-94.4475918538516,24.3801189301784,30.7361207341741,-0.383253067218847,Dichloromethane,0.31265408,-201.01566
806,-9.1202859223363,-99.8552922233679,25.633170301016825,59.9646608932226,-0.187953696427596,Dichloromethane,0.30755962,-207.14578
808,-6.74411737534363,-99.8379096122358,84.59310905902403,41.3369146529994,-0.197260931824196,Dichloromethane,0.28863548,-172.69891
809,-7.78577841026289,-99.9404078598306,87.37240560515944,98.0324739828155,-0.0407557529390053,Dichloromethane,0.27510107,-224.88308
810,-23.029231050222,-99.8741051399799,100.55847647978712,87.250236804058,-0.135510700536891,Dichloromethane,0.30940973,-158.91996
811,-7.54932519416041,-99.6074882799383,10.78670641303254,11.8487898669064,-0.0741005389303594,Dichloromethane,0.27849997,-215.50694
812,-1.68416243798598,-99.8324422280008,9.560264678692146,7.54113048716275,0.0007207766351935,Dichloromethane,0.35056707,-226.88559
813,-23.4923696724688,-99.9170591338952,95.38765278654056,112.998017399018,-0.264998457942391,Dichloromethane,0.26653932,-223.73486
814,-1.31049971593723,-99.8455334591791,13.676613263088074,21.4545150201836,-0.00534155514931294,Dichloromethane,0.30208466,-139.2736
816,-7.19199888511118,-99.7002428351674,19.04923179750988,6.98927064399875,-0.224604925358488,Dichloromethane,0.29402999,-190.74431
818,-23.9188391198983,-99.6567584496523,65.33786984641183,28.3511808532221,-0.37842149552844,Dichloromethane,0.31186512,-159.6689
819,-19.0337914694282,-99.8229531507427,28.79036534391978,73.9773094817836,-0.20797746376646,Dichloromethane,0.28320248,-162.3787
820,-0.259700181712742,-96.31819181762,9.758815195000937,17.5880218499329,-0.00775677807424307,Dichloromethane,0.25131324,-183.39269
822,-0.548595915082282,-99.713385385181,10.63483568802342,5.60082602992279,-0.183272068626518,Dichloromethane,0.31727991,-256.81268
826,-1.54985136348437,-99.8703138749289,18.673350912697927,23.4028148645168,-0.0436614574022746,Dichloromethane,0.27186066,-242.75496
829,-23.7500878862895,-99.9159429463198,84.70256473690604,46.8174698952058,-0.396803113575115,Dichloromethane,0.26824419,-203.66732
831,-7.61957687646749,-99.790009759332,95.62679377222956,62.4859745569642,-0.0905732885607171,Dichloromethane,0.15895192,-244.8488
833,-0.613140893603298,-99.5862046414144,8.121708623739297,5.8361058949703,-0.0176072506796767,Dichloromethane,0.24526455,-264.80447
835,-21.8628618259878,-99.9213296564283,78.4651320717296,94.833817307727,-0.272443977054221,Dichloromethane,0.2386793,-185.20318
837,-2.9836803040515,-97.7321658620588,10.885259214423296,34.1110796899926,-0.227396498623763,Dichloromethane,0.32463617,-191.25853
839,-22.3710168174279,-99.9776110114293,18.07201504198381,11.9862146606466,-0.215293746461258,Dichloromethane,0.29441318,-187.84569
840,-6.84261989134679,-99.8485682070667,22.81388388421984,46.5084602189824,-0.190570772007862,Dichloromethane,0.2278708,-273.5741
841,-17.8030859172087,-99.5437830956283,14.112575437843107,11.5609993720733,-0.212140705281961,Dichloromethane,0.1226804,-192.12557
842,-20.9561024091215,-99.889939043183,28.652268733076497,6.58818930983253,-0.0308839916098913,Dichloromethane,0.3059528,-276.72956
843,-23.7979387512524,-99.9820740217807,13.950212228007434,73.417725845079,-0.190009326441097,Dichloromethane,0.32164336,-286.82916
844,-33.3706191129029,-99.9423708245649,94.52492113047282,113.152686040571,-0.382438197038073,Dichloromethane,0.18943634,-198.52703
849,-1.67191631359206,-96.3724792006357,93.37369217360268,52.345507305389,-0.0423359809768288,Dichloromethane,0.30008453,-330.0
850,-21.734045753693,-99.7074845134193,23.20902226751037,12.4749551583669,-0.222020449238051,Dichloromethane,0.2615786,-90.87721
852,-0.159743415671644,-99.6891535914135,6.407103336538237,0.991891575869639,-0.00195254226471255,Dichloromethane,0.30093613,-183.1635
853,-0.0738035193510184,-99.4849962866876,15.15954471942934,6.26616478381978,-0.00726774168495435,Dichloromethane,0.29691917,-169.16656
854,-0.19506443866518,-99.1016809065064,1.637964064590616,1.82639362087202,-0.0124745322104262,Dichloromethane,0.32168741,-231.44372
855,-1.15628924334142,-68.7758152865702,9.049187790971962,8.18339959895989,-0.368091398897586,Dichloromethane,0.28748996,-169.98258
856,-0.402629876168811,-97.7371044503034,6.878871939919691,9.11505098767422,-0.0121454769244574,Dichloromethane,0.35718536,-84.32422
857,-2.92861777755567,-99.4560307205226,1.622232105690667,11.7917848413526,-0.0305084540459906,Dichloromethane,0.3145375,-94.60638
858,-8.04781446808238,-99.796824310478,92.9123577293371,45.1525240590763,-0.00444885052089154,Dichloromethane,0.2599081,-121.75762
859,-13.0166027512509,-99.5558701328592,4.333993043168768,8.18918557722449,-0.209857585985539,Dichloromethane,0.32952105,-149.35706
861,-2.07140867197795,-99.5349768342358,11.494631164990093,13.7121525567438,-0.0215155147783243,Dichloromethane,0.2650184,-196.81117
862,-18.3528662094345,-99.8921404568971,23.43700757459181,49.7077915894024,-0.0329806137429548,Dichloromethane,0.33575285,-146.18348
863,-20.7613182037839,-99.8969648818291,14.918201609867578,15.8717327853493,-0.273452357621753,Dichloromethane,0.26809068,-137.37043
866,-20.8203220136819,-99.6085161770247,62.52318961525569,83.8258511272311,-0.275563087294106,Dichloromethane,0.29195086,-303.48824
867,-23.7624355552419,-99.564103931762,26.22441709742624,18.1855008955583,-0.227469331271732,Dichloromethane,0.31405162,-161.14867
868,-0.417992036619685,-99.5378681345509,29.803496246584,24.1330844620033,-0.0363682784617851,Dichloromethane,0.32258519,-225.12128
870,-0.245454851614974,-99.9192455393908,11.123052295204417,10.3273466305556,-0.00534870024514622,Dichloromethane,0.25831442,-213.35352
873,-3.09569882747574,-99.8731545589703,20.173213900310724,13.9338835197388,-0.225662661157119,Dichloromethane,0.19927876,-205.21771
874,0.1706509865463183,-99.4926183300273,14.88444665855457,17.9066468417892,-0.0118244136375727,Dichloromethane,0.17274363,-303.7405
876,-23.4322025906886,-99.9319924429232,98.29246545033205,74.9701324986642,-0.277995644332131,Dichloromethane,0.37921293,-82.94707
877,-21.4715913582554,-99.5483158322907,52.88289537494436,56.1043692348104,-0.226638031379406,Dichloromethane,0.26889876,-87.72762
879,-13.8695649915909,-99.6393724366363,1.828483336898837,1.96755178040482,-0.349247959061722,Dichloromethane,0.26862077,-89.07414
880,-17.5675625096427,-99.8606825068829,13.21628005770871,27.3185251483665,-0.225528546957422,Dichloromethane,0.12,-78.56335
881,-9.46280288983218,-98.8750751670335,21.665305108178664,16.0261343165138,-0.207936786986282,Dichloromethane,0.19874642,-128.14971
883,-1.09823295853609,-99.5238868104429,9.803637949456029,15.5598841955339,-0.0414252294448331,Dichloromethane,0.28399743,-284.14549
884,-21.8621815327511,-99.6601744465535,94.877207323257,93.493448405175,-0.214721644230055,Dichloromethane,0.26878318,-296.95733
885,-10.058150707185,-99.6752220376458,71.06724262250165,80.4546204360838,-0.104090138038265,Dichloromethane,0.22757168,-154.26969
886,0.4939998086212413,-22.2479791825652,17.603287108297742,6.65147253217174,-0.003066276100878,Dichloromethane,0.27275512,-184.96106
888,-0.421662845451847,-99.5773270114965,25.644752725961723,57.2468649533667,-0.0348711097548271,Dichloromethane,0.24035984,-205.53018
890,-0.667448295015575,-92.9508475831501,16.380569910799814,7.65875092881999,-0.187554946609072,Dichloromethane,0.32198996,-192.7156
891,-0.668916146303614,-99.4741124842158,4.094884835868546,2.82361465482168,-0.0403946078592711,Dichloromethane,0.32800234,-141.11046
892,-20.3236553908541,-99.5976414456844,95.42983823219484,91.4507773934093,-0.19716488704184,Dichloromethane,0.25719795,-130.06827
893,-0.440006384212628,-67.0908374507667,1.7627520432707469,5.1389024764688,-0.00619159988956805,Dichloromethane,0.16076074,-238.30843
894,-21.5255622924516,-99.8613622154845,12.90390495063473,21.4168385579281,-0.118423249363139,Dichloromethane,0.21275006,-167.88831
895,-0.00448936534006425,-24.2906076789858,8.86860773801325,28.9193676546744,-0.0381259042804816,Dichloromethane,0.20236334,-289.59311
896,0.2339931641687724,-99.4831669967752,15.82599984317313,38.238550250225,-0.000510761193477114,Dichloromethane,0.22437262,-192.85923
897,-6.84690529449335,-99.8761954319613,31.48006225424253,68.6384177383233,-0.00938561162330602,Dichloromethane,0.36087888,-103.65754
898,-20.0137802971861,-99.544827930821,38.22838257995701,90.6548890217677,-0.253847981205168,Dichloromethane,0.37511336,-218.75446
899,-20.8697518520141,-99.5691188573731,97.77862072504514,108.788752309432,-0.23342240833485,Dichloromethane,0.25759689,-97.57948
900,-0.0914048168266179,-69.1070037900071,-0.241353254268227,1.68580523974695,-0.00500170345650375,Dichloromethane,0.31692317,-219.28186
907,-41.4536898884161,-99.8810921272827,27.851158858636825,20.3767262522247,-0.370952316603712,Dichloromethane,0.33755023,-114.21163
909,-10.0755387233041,-39.5318090381456,68.66493111761457,50.5483888115712,-0.223278221299179,Dichloromethane,0.23420176,-200.23343
910,-1.11734357180507,-63.9429907933272,13.14493788232864,57.6624016894006,-0.117608995472776,Dichloromethane,0.22182784,-204.38762
911,-20.4725459338193,-99.9319947931766,29.19557719722065,82.8085593253706,-0.207384890190739,Dichloromethane,0.30076545,-146.48755
912,-11.4257158366776,-56.3678854160069,9.930824268282874,27.9712450083954,-0.230296110282002,Dichloromethane,0.24029023,-220.56316
915,-24.0395254450897,-99.6839497364307,92.71333959851924,73.5119848291107,-0.182712115511006,Dichloromethane,0.35177058,-192.23523
916,-10.9452788595909,-99.57469750827,32.18339713583436,25.1860552186374,-0.37639991396213,Dichloromethane,0.26411907,-117.00226
917,-3.38169618245178,-50.5484626066935,14.905857114869134,19.3145544601876,-0.216328735181604,Dichloromethane,0.32339076,-314.66355
918,-1.35982320356703,-99.8236839018755,34.301504855817235,14.4300628191041,-0.00618107919967961,Dichloromethane,0.20210754,-74.02619
919,-0.92345742666493,-95.3881561500824,10.6508046346132,6.98394971183152,-0.115398893217446,Dichloromethane,0.35191746,-223.42898
921,-1.6019449171967,-99.5804727939931,10.76495969047369,18.682581612251,-0.0469159845901544,Dichloromethane,0.30910633,-97.07513
923,-21.0953034720374,-99.6041260286072,11.354485059054904,34.6389873028325,-0.225162156789194,Dichloromethane,0.17065789,-248.13268
925,-1.84698854170902,-99.7672955089009,34.08459886697285,38.8785714194384,-0.0366639281300531,Dichloromethane,0.32613783,-235.68796
926,-17.6398230455261,-99.8659980250459,6.590943860723526,14.9981451293444,-0.127440423223749,Dichloromethane,0.27007793,-249.59833
928,-23.4209120665716,-89.3945381594488,27.52448808820028,48.4108208736073,-0.373304956332885,Dichloromethane,0.30519079,-201.9092
929,-19.8744600041039,-99.9269787929686,26.699920693052537,24.7890666337045,-0.232303197434938,Dichloromethane,0.29963826,-241.64616
930,-6.3471927688269,-99.558707722461,10.355339577088335,12.0737072594272,-0.0349760113116099,Dichloromethane,0.30895368,-185.20048
931,-15.4487232576966,-99.5646729764048,10.208282232046514,5.65289157347483,-0.365789152285424,Dichloromethane,0.19908754,-220.55342
933,-1.39752001427878,-99.5764761665607,6.91177160722171,3.91510105771284,-0.070705308920507,Dichloromethane,0.32595003,-144.70953
934,-23.5139806590507,-99.7049184362395,96.46417921839306,95.7328812367295,-0.231466652015444,Dichloromethane,0.17907723,-90.39742
935,-21.2993977196027,-99.6207470313086,31.67887914835513,62.9544117938047,-0.21788356095937,Dichloromethane,0.28569515,-225.03925
936,-23.2019786286212,-99.851604040626,95.97248104350912,69.7310965724474,-0.185457388824069,Dichloromethane,0.24151629,-68.09336
938,-30.2708703562915,-99.7353939775015,100.3290179661314,129.202380636216,-0.209062569674188,Dichloromethane,0.24299765,-220.88505
939,-17.4955166478524,-99.6307943693969,17.36725389654432,21.1113585073954,-0.0207038513855028,Dichloromethane,0.27171252,-228.06949
940,-4.81992483842345,-4.18431639836489,13.895748580106376,28.1257123610386,-0.210863293942915,Dichloromethane,0.17347542,-302.50911
941,-20.8952427341599,-99.7150881354301,20.45801670394112,15.6461767609983,-0.0358710659778189,Dichloromethane,0.24370911,-215.82238
942,-0.626157011001778,-64.0187150705691,12.32829746039721,39.2196150485454,-0.0424533879040317,Dichloromethane,0.28910061,-223.47319
943,-7.27803036170839,-99.8648535841158,82.80581682064009,65.1370673985738,-0.041730669236024,Dichloromethane,0.23958301,-122.72653
944,-9.67867584285176,-99.2150539115806,18.803110627893226,59.8613771127149,-0.194178188974177,Dichloromethane,0.17536323,-128.6648
946,-0.079722040619865,-89.3759613549206,13.397939501576662,12.5149171220232,-0.00172220703788002,Dichloromethane,0.30284396,-106.28007
947,-20.2665945670284,-99.472045605084,15.192761668056107,25.4732719236744,-0.278682596591549,Dichloromethane,0.36665991,-213.28338
953,-23.730539131962,-98.8427613018155,101.59688267701875,124.773278495047,-0.225700823932622,Dichloromethane,0.24825247,-229.92955
955,-22.9637442266604,-99.5017399318651,28.23785201361014,90.4578275348959,-0.212476796038569,Dichloromethane,0.28702324,-216.93154
957,-0.323437048842396,-86.2776685474167,3.3291672864562165,2.45561043749342,-0.0164700992718904,Dichloromethane,0.28519194,-221.22125
958,-18.4225854378024,-99.7609578321069,13.738145064338696,33.4858324245015,-0.0981172494988643,Dichloromethane,0.33638317,-87.28876
959,-7.24082238321278,-81.3868785018964,46.215408334470176,46.3185073525599,-0.351621771380743,Dichloromethane,0.29622597,-175.00624
962,0.0031601944691603,-55.075481700263,-0.172761208229183,1.1308533938534,-0.369532596600296,Dichloromethane,0.37128442,-159.83352
964,-0.434690656537002,-74.1438820499818,11.135881084200028,15.0247221948188,-0.00113546936082889,Dichloromethane,0.2244312,-236.60773
965,-0.248678429039784,-87.0386904882121,18.37791603574872,15.4729286915571,-0.0791203798461786,Dichloromethane,0.30093404,-207.80313
966,-22.7570132091771,-99.5505498183839,69.90742359711346,86.2336478099104,-0.224559156732122,Dichloromethane,0.34942953,-184.12465
968,-4.77982264880047,-48.2377072034718,3.6150129005707146,7.04758102808115,-0.19146034153785,Dichloromethane,0.27391186,-282.77013
969,-21.396509805006,-99.9081478554413,17.167539367415877,20.8620990270542,-0.353927910252611,Dichloromethane,0.3926704,-234.47393
974,-19.7625138241486,-99.5749110752753,11.4501763446328,33.5247710513707,-0.2008075143592,Dichloromethane,0.39436786,-284.54018
977,-24.576710379855,-99.8276997668833,29.782492756203563,47.3286530049606,-0.302714724016795,Dichloromethane,0.38227488,-173.82431
978,-7.12015751040284,-99.5345284462472,3.9077570183813393,3.01225419173952,-0.378083311386644,Dichloromethane,0.19254168,-123.56351
979,-1.05211111420793,-94.8189035350773,90.04828765832197,37.3998328013805,-0.0421939591282946,Dichloromethane,0.25132824,-251.48534
980,-16.0932347736369,-22.1502077636655,39.831053597484,48.5181297185017,-0.215059767907124,Dichloromethane,0.29128518,-188.64577
981,-0.241568921613522,-99.5419521740344,11.129056869470087,33.2431101666214,-0.0171070130072459,Dichloromethane,0.27776332,-196.42885
984,-5.17218616477017,-99.8869549543433,1.8351967002541136,4.02094721948423,-0.188521104480372,Dichloromethane,0.34311179,-92.09915
985,-11.3450246918929,-99.9007813933033,30.62401974155333,45.5393460025629,-0.230085331312412,Dichloromethane,0.23488973,-157.29604
990,-0.678288088209358,-99.5557300553283,28.379726595332084,29.3592123206422,-0.00685746993137747,Dichloromethane,0.26587645,-247.91304
991,-20.1001403810883,-99.5577889884608,60.18335689335343,46.4680742654951,-0.26049370643574,Dichloromethane,0.19766281,-228.2562
993,-21.3569778053259,-99.6001883870543,93.49547423044064,51.4106406807438,-0.213459645153162,Dichloromethane,0.28503069,-193.79578
995,-9.53163955999035,-98.9724580612541,50.42505552018144,47.012381574934,-0.231756838744114,Dichloromethane,0.29733934,-192.60502
996,-6.73072230208032,-99.8014700406063,15.953482473636551,35.7893901409584,-0.0264597182796429,Dichloromethane,0.2302257,-165.74183
997,-20.7923132885356,-99.6136459339133,24.303931880091085,22.9759258651576,-0.194667814748536,Dichloromethane,0.35631782,-163.06579
998,-20.7196540460654,-99.9395984791116,18.081220961579888,22.2668019918793,-0.193780044755584,Dichloromethane,0.37089493,-275.35565
1001,-0.110842974771409,-73.5477516739329,0.0766971322024139,14.6807254619578,0.0232606720476001,Ethanol,0.12596962,-0.10133659
1002,0.0443904859717709,-10.0375351333527,6.5340833347198926,-0.732150728777586,0.0009612332776667,Ethanol,0.1663845,-0.14896645
1006,2.272674513514541,100.29593792435352,-1.05973685637954,6.6538360052355,0.0698144349765217,Ethanol,0.18657618,-0.14162333
1008,-0.0805149396188572,52.05114233987325,0.6853936629574058,34.1603475536733,-0.0719868352901891,Ethanol,0.14555363,-0.04909573
1010,0.0283666762298069,-98.8657182851652,11.761336239060356,8.51882730908764,0.0488574371275808,Ethanol,0.11677038,-0.13542261
1013,-0.0682368408017873,9.81360401747372,1.3678796474188837,0.133354636815454,0.0250181282701577,Ethanol,0.20470507,-0.17495342
1014,-0.0587589610487043,-79.852107699442,84.80720562756493,28.3163398554081,-0.00369081773531745,Ethanol,0.12922075,-0.13414017
1015,0.0125866079736837,41.81575847381859,4.401148746467843,5.82567204847613,0.0031638825239302,Ethanol,0.15355864,-0.04579678
1016,-0.0620538793434078,2.841167880164044,1.5020579959158114,-0.391024207073921,-0.0487968714097079,Ethanol,0.21851492,-0.14013049
1017,0.0272512674540392,-23.4823676863746,2.8377072522224984,25.7958111667029,0.079112571418079,Ethanol,0.09071196,-0.07174017
1019,4.110579756155696,99.3270263448666,3.1786487952373523,63.3941132091138,0.0305965017530387,Ethanol,0.1352518,-0.06999214
1020,4.0886645307472085,101.1745453850394,93.03995020313376,26.1862843667774,0.0007456150390723,Ethanol,0.19723291,-0.12705059
1021,0.9027660811556798,-0.0892238374185984,152.1642235289,195.998616871172,-0.0215495508771215,Ethanol,0.07193715,-0.08956709
1022,3.82228311148965,98.07127719867736,18.85160306034532,59.064748956222,0.0355660613528644,Ethanol,0.12972515,0.015
1025,0.0137874620986611,5.637888899498964,2.037677497890652,0.656303121016601,0.0343844788052569,Ethanol,0.15687342,-0.22618666
1026,0.0256147640441539,8.620525217240782,82.3780161605112,105.596669453491,0.0230495931364012,Ethanol,0.06956046,-0.14383737
1027,1.030321319636854,0.3080754040635933,1.6602045638211362,0.97128305674719,0.0246177275798353,Ethanol,0.22468459,-0.17421972
1029,0.3009173517938014,80.88938925555654,1.631282392112109,49.3767806849649,0.0988423079295593,Ethanol,0.1906389,-0.13170752
1030,3.4586424538350165,0.5601422750169189,1.4995575277426374,28.9582473715737,0.0014160102319764,Ethanol,0.14395227,-0.02529365
1031,-0.00748142743544089,71.79134076370202,-0.101312719827915,30.3222507282977,0.112649995886557,Ethanol,0.10123392,-0.07234584
1032,-0.0144082490566051,-2.94142047253111,2.568697581131984,1.87803973750044,-0.0986979869494869,Ethanol,0.10961098,0.00416752
1033,-0.00109719797254241,99.53939014279416,3.9142378041657873,25.567199858,0.0134919692412841,Ethanol,0.1482321,-0.07687106
1035,0.562683388338262,9.555503244432552,-0.175224114423475,3.06255366104344,0.0770327902405009,Ethanol,0.14662748,-0.07227359
1038,0.0162981373093311,9.634346919799407,-0.589312987224929,-0.200899304642668,-0.101324555946075,Ethanol,0.14450627,-0.12103905
1039,-0.0167117163044416,-3.60209734124348,69.14282260835232,82.5261989908108,0.0397924399745045,Ethanol,0.13607988,-0.16491537
1040,0.0366564073909733,25.069886084572325,13.363002792762984,63.2136505545208,-0.124544200388793,Ethanol,0.17631232,-0.11538237
1041,4.1978013865160175,99.64617726963868,170.98176980904398,66.5447352679937,0.0262620312988876,Ethanol,0.19159456,-0.13642362
1047,-0.0586795891381277,101.18811066935234,1.5142727588618268,-0.372351413204435,-0.14767166654577,Ethanol,0.11339166,-0.1310433
1049,-6.7273934917465,-35.3859284879438,94.86464421382595,39.9729961577753,0.0996881701048897,Ethanol,0.10734626,-0.13359255
1051,0.0239484043407823,98.95912627582622,5.543170163729909,6.93147837767503,-0.485893867263821,Ethanol,0.1165272,-0.0986615
1052,0.9801506788343396,98.71443506114116,124.67126192076915,130.00923236794,0.0261445538889455,Ethanol,0.15612759,-0.08148591
1056,0.8356419977343535,11.275663572299916,160.1982904454824,100.992779985453,-0.142173639507008,Ethanol,0.21123926,-0.1302018
1057,-0.0399191843338466,-3.39873366751262,0.842570978586269,1.06972240619117,0.0363773229719427,Ethanol,0.17695588,-0.08932669
1059,-0.0538189213376539,-1.05118638728828,110.43374686110842,164.154191475079,0.136440331429291,Ethanol,0.1193541,-0.16062954
1060,0.6691433749944081,98.8834807428238,10.894943134050829,23.8201972167944,-0.0221634141249083,Ethanol,0.23199198,-0.11547166
1061,0.2931278812659394,23.212086187333284,172.30897517698625,62.5978537020905,0.1182002052059583,Ethanol,0.11743704,-0.06738604
1062,3.832325913694904,100.53223632136245,24.33036259888333,35.2585337089511,0.0243492343543125,Ethanol,0.15746619,-0.10691962
1063,-0.081079599679045,-5.06973501779437,4.197584578026827,0.900325280086216,-0.296430504309764,Ethanol,0.13524997,-0.20263852
1064,-7.54762064915643,-99.6706326220638,-0.311062419221122,-0.380631736772493,-0.0987707035575736,Ethanol,0.20258787,-0.04753917
1065,-0.130588154259997,-83.0255897889994,1.4981582103018871,1.10876014370395,0.0268844219989816,Ethanol,0.13035761,-0.10406314
1066,-2.26353325179941,-69.145028774673,-0.772853674461496,-0.189668989205295,-0.0129095017279644,Ethanol,0.1146887,-0.11147006
1067,6.7630098957179445,100.43183419891784,171.8808229628883,251.349368924043,0.0351526681476902,Ethanol,0.12339921,-0.17703935
1069,0.0305515108879748,16.924709130840263,12.217018889094618,116.044658852475,-0.281394634033084,Ethanol,0.16739431,-0.06529476
1071,6.969179292912853,98.02964795858178,138.60826689145594,129.756645497425,0.0763453693222127,Ethanol,0.19424001,-0.15666396
1072,0.2426309059258891,27.980863533413324,5.086815830451308,26.5457808191975,-0.147783845010346,Ethanol,0.17316172,-0.01935424
1073,4.697079696959968,97.871451100922,2.699261107268939,1.02292921254327,0.0687424431409411,Ethanol,0.18021558,-0.11003422
1074,-0.00139797504835263,-1.56765428028771,5.071232238130515,27.0465763343613,-0.0229482352065333,Ethanol,0.10252596,-0.04378754
1076,2.19981674532422,102.23447137506052,1.1370234673751185,65.6645166883082,0.1208954386130444,Ethanol,0.15200177,-0.12929944
1078,2.0671770848133857,4.048221282102601,82.58835152733813,63.2294696189745,-0.245086093823957,Ethanol,0.10306618,-0.11737727
1079,2.256267184181941,19.46263270825601,57.71366042789081,42.0854318988491,0.028399219008856,Ethanol,0.09720338,-0.08959277
1081,-0.102325802871234,-97.6370134440068,2.287791059436843,2.4802077567702,0.0231624151064678,Ethanol,0.19859594,-0.16260295
1082,1.581647478988304,91.93398978750778,2.4465298078479254,23.5741226037009,0.0919658193324944,Ethanol,0.16045453,-0.06334819
1084,3.4802502612607404,79.3682785916043,11.815568135810754,47.1822682355797,0.0203114677043352,Ethanol,0.08456718,-0.08592975
1085,-0.0145296041368815,13.513488910403348,84.81233235894528,34.3447882212578,-0.144618728040958,Ethanol,0.10393604,-0.07849011
1086,0.0255524269671159,-0.37467679966576,1.684571979699424,13.0812224032662,0.0038310788180249,Ethanol,0.10350414,-0.16335057
1087,2.088842714569336,98.63937807979592,125.73017471924832,106.483517288184,-0.0329775199784061,Ethanol,0.12716487,-0.13935903
1088,0.0018220201257667,0.4297388887858133,80.91845520775584,1.79865854106066,0.1188312639500595,Ethanol,0.16150263,-0.245
1089,-0.0439921929479858,-2.78235785480079,-0.398484606318985,43.2814810081941,0.1081658659144622,Ethanol,0.15474088,-0.15446936
1093,0.1619713895872606,13.611087069803045,0.178758466128439,20.5837869327551,-0.0145140896139229,Ethanol,0.15824128,-0.10169502
1094,-0.0170468770023734,-5.87088815823166,1.1260988905430218,0.481683698357928,0.0346620153284788,Ethanol,0.1389253,-0.21242357
1095,4.164024977009663,100.04612485780066,92.49400275021516,27.5714094924709,0.0254231492198589,Ethanol,0.18114402,-0.02815499
1097,0.0503040216947865,8.392336965015103,2.7744444062049998,3.45734392198116,0.05484219368617,Ethanol,0.19793475,-0.22603124
1099,-0.377603616193727,-81.2658763429027,108.416572661006,91.3297868454274,-0.0755011662064883,Ethanol,0.15952387,-0.19022328
1100,0.0062055686521683,42.95751454721639,1.3016634471562507,0.785396174202515,0.0620170790842252,Ethanol,0.1133813,-0.10867319
1101,0.0189984564425961,0.9914020477877562,2.724782246496334,0.0628594936380102,0.0331572864152269,Ethanol,0.18360632,-0.06638237
1102,3.810971982624367,-1.810552857162,8.563452670090248,125.154886223235,0.0132973757883275,Ethanol,0.11547727,-0.08657537
1103,-0.0195391179681296,96.750185879519,0.7555778346546613,-0.688634521797922,0.0243789230154683,Ethanol,0.15806558,-0.11680228
1105,-0.0479616616752166,-71.9138890646397,1.5742883757558273,0.485334081132285,-0.0829856366668616,Ethanol,0.17793537,-0.05157519
1108,0.3063397480969599,23.074547501788302,92.81386912871778,3.36646562548772,0.052136093828507,Ethanol,0.13421707,-0.14386723
1110,0.0008000482769566,26.22302975537165,3.067785347547128,-0.78759240842665,-0.0790621873681075,Ethanol,0.17912212,-0.14901332
1111,-3.34152887680945,-2.60603559916523,1.135938243430738,-0.753115164434128,0.001787350738816,Ethanol,0.16429454,-0.01593155
1113,2.3102930760482216,99.51221802672468,105.00285324029038,94.8532472233801,0.1163302273709516,Ethanol,0.11568758,-0.12036865
1114,-0.0240218378208276,-66.5075440171865,95.1147135957926,88.669468678453,-0.000428496915104853,Ethanol,0.13116572,-0.12535181
1117,-0.0404610899156966,-97.5520682569743,2.002196237157205,1.04967748918481,0.0461299623044518,Ethanol,0.13205218,-0.10936221
1118,-0.00502537348729351,-64.6479580328279,3.2735396518229383,-0.917086414864744,-0.0344127795406289,Ethanol,0.17351273,-0.12480044
1119,0.0136538033413256,43.69058579305677,87.14266884881765,56.1923652330656,0.0350226572324899,Ethanol,0.08737499,-0.0538002
1120,2.274232339994617,102.31277120630848,4.4033047811025785,1.51993188539825,0.0323257671267704,Ethanol,0.12141604,-0.11646754
1121,0.0042342712709971,62.0915926360607,0.5237882138898464,2.61399275781184,0.0484123678775184,Ethanol,0.18470053,-0.05152811
1122,0.9983101798823092,98.56170732524916,134.1594664722581,126.237199250867,0.1176430519012489,Ethanol,0.10522049,-0.17236088
1126,4.105674935493116,100.55457554947996,77.24589012575521,73.1594950229434,0.0572602888153654,Ethanol,0.10994726,-0.16812501
1127,8.475922087013517,101.96684161777624,82.83967999395465,106.573886798294,-0.00069411256740076,Ethanol,0.14074813,-0.15092973
1131,2.090854648144706,8.543023542994305,37.31177787166712,34.1649321350383,0.0057124611614074,Ethanol,0.14078438,-0.1713492
1132,0.4546353385270926,24.35075962411942,83.41634819855159,29.3491503718395,0.0044914383605228,Ethanol,0.13937259,-0.15487371
1134,-0.506283094124559,-1.69714937741981,-0.0753519206580584,0.709748463947024,-0.0110798761617047,Ethanol,0.17120723,-0.07754025
1136,-7.08314264301536,-5.67349926247566,0.0963205457660174,7.92200953912782,-0.0519073062073604,Ethanol,0.14427276,-0.16659646
1137,4.174903993084286,102.0409860869996,170.195171227727,106.945543131036,0.0309730663077665,Ethanol,0.13420542,-0.01128935
1138,1.6533752095868175,3.639975210073096,93.5750047902058,118.661251735933,0.0683639490608064,Ethanol,0.16559137,-0.155429
1141,-0.0298577317944372,0.7202164149563284,86.04320509041557,79.4410565165744,0.0262377055927615,Ethanol,0.20950611,-0.03577332
1142,2.1290049096999306,98.83996288983202,-2.10538562546794,2.1757894132603,0.0097571415979919,Ethanol,0.12132167,-0.18135102
1143,0.6553583722527168,101.59650872669036,1.658127970079112,3.1033679711237,-0.0208032430360319,Ethanol,0.16936744,-0.02100962
1144,0.0475763218131922,99.82594990257012,2.3853935345930557,-1.7349672540793,-0.000623026798714624,Ethanol,0.14483407,-0.245
1145,-0.0334430485250059,-86.4070109349307,82.78434742662249,34.7788368764846,0.000650034763025,Ethanol,0.17607722,-0.08280983
1146,4.183166426105173,102.78281742835873,8.902247734485863,48.4325814603228,0.0674981068402248,Ethanol,0.16251107,-0.07036368
1147,0.0279773128132472,98.34417366547996,106.91332826048696,110.819339580298,0.0187176091010498,Ethanol,0.18541958,-0.11812176
1150,0.019886733399457,-82.2250840546671,4.3288108141888735,32.2470199437842,-0.0477251197766137,Ethanol,0.22505238,-0.08348123
1151,-0.100464398784391,-29.8652660709884,0.708882079429442,8.0398028838795,0.0984555594232019,Ethanol,0.08297041,-0.17179842
1153,-0.000309063342158421,32.5408794981333,83.43781206212253,89.4574365240732,-0.0924365460486981,Ethanol,0.12360186,-0.12587262
1154,-0.742457948417616,14.501987672345145,5.527383801496476,6.48537549971458,-0.0421294145618757,Ethanol,0.12234164,-0.07929531
1155,3.6219470047957145,98.99892923025708,125.76696023779122,106.524656379875,-0.0520146283585318,Ethanol,0.14511388,-0.08214719
1157,2.957976123226341,96.77163577835584,138.2888354065626,75.1160838993255,-0.00145462763993273,Ethanol,0.14655752,-0.00190367
1159,4.123626002865235,96.73381540833054,145.6308869680681,107.539402613772,0.0240318446334098,Ethanol,0.12103403,-0.16670971
1160,2.2689628645936577,23.67179908055973,80.69427573472743,130.944567215108,0.0229970191155345,Ethanol,0.19181597,-0.07843604
1162,1.840293144552796,98.17197363977272,3.2712940466071885,1.36194296611639,0.042079785488427,Ethanol,0.19684439,-0.245
1166,-2.57277725105952,-92.5835009379686,0.9609975125673044,0.795098411712499,-0.0533064041519791,Ethanol,0.12195267,-0.11566353
1170,2.703468242892015,100.58412688723855,104.2776740483314,138.201484404769,0.1149787648392472,Ethanol,0.1981579,-0.02253352
1171,-0.0989540963843477,-5.24552431311126,144.62610102668273,127.675883103882,-0.0481711255374321,Ethanol,0.07759597,-0.0579208
1172,-0.0481397046388995,5.790561757061489,0.9496528545537234,-1.23724524021261,-0.146370205712371,Ethanol,0.19202682,-0.0803745
1180,-0.0321519687186082,1.3447515079410686,-0.99640915611093,6.8821477652992,-0.0473168600602711,Ethanol,0.1054493,-0.07509702
1181,2.17585188135855,27.781095280551018,58.924810861664334,15.3504081202241,0.108726422249852,Ethanol,0.14374096,-0.12196505
1182,4.126307814341813,-1.86301722313931,100.67693520358168,72.7353975656963,0.1108539221635228,Ethanol,0.15686438,-0.04029534
1185,0.5876827939568848,100.08693722637526,128.65306462032888,175.757409715977,-0.050999473093351,Ethanol,0.12880107,-0.02813495
1188,0.0981777628138423,100.67184596448728,3.2556721503975043,50.4693053999891,0.0460497685156794,Ethanol,0.13032252,-0.0705633
1189,-0.0558797433551333,6.186200946093361,0.4988974357112718,0.0329021677367022,0.0265268942180454,Ethanol,0.1340854,-0.14390984
1191,1.116235516092097,94.19534150055864,7.825642139369647,122.742353432457,-0.0218872162762398,Ethanol,0.09849039,-0.15816996
1196,4.215921922724875,99.83459578136602,-0.141303309191738,48.3803273983096,0.0239703982641419,Ethanol,0.15189833,-0.11051161
1197,-1.32604275740741,-0.225539389158487,1.173708239203184,0.726105668578848,-0.100081274366623,Ethanol,0.14028205,-0.18237389
1198,-0.072899081345847,3.073203122763581,1.9514299439277591,25.3385419471294,-0.101871852267822,Ethanol,0.09289282,-0.14143298
1200,0.074290054127685,-71.2645495846145,77.38864364225883,8.86264586459769,-0.036504668952699,Ethanol,0.11866507,-0.13109456
1202,0.0212475639822569,0.2388612183026659,39.17143754129884,9.46447391652763,0.1289452718667411,Ethanol,0.1722501,-0.12655742
1204,2.27556137019822,99.92616668327578,93.232327780088,112.170454289518,0.0289280689387808,Ethanol,0.14750933,-0.16298311
1205,2.317073793629283,14.959306948210314,86.55090446586486,0.66470917741894,0.0585725496084315,Ethanol,0.15192839,-0.10146157
1208,-12.7052281889663,-96.3359240334294,2.0333738694290635,2.66303226923838,0.0291735795068578,Ethanol,0.12980344,0.00507248
1209,7.109943187760332,100.0356731494441,79.61356024931045,118.995922152396,0.0210517189751402,Ethanol,0.13936933,-0.18652241
1211,0.5750479539534892,23.795836326680764,87.5596616732872,7.23940950349461,0.0007002661096105,Ethanol,0.14427543,-0.11322038
1216,1.4009867414158832,-0.55119722934526,12.087339766862604,80.9981243157665,-0.117758940077699,Ethanol,0.12689584,-0.11687383
1220,2.256509078090592,101.7090200476789,-0.495280310146809,0.479096382198734,0.0026593087489176,Ethanol,0.16771157,-0.19282419
1226,0.018993415972382,97.53856574831303,88.1257725649424,10.4440129175316,-0.316535037987777,Ethanol,0.12362125,-0.19434516
1228,2.2015937210732464,98.2234789029024,-0.224285421745116,0.208940937579305,0.0940718108913004,Ethanol,0.06029681,-0.08097664
1231,2.3716455293554555,-1.37632471259654,101.28817296357292,126.231150748541,0.1060998369845641,Ethanol,0.20112592,-0.0504958
1232,-0.21390359555284,-81.2865344751395,0.0376109919214767,74.3837969014024,0.0250774890948985,Ethanol,0.1381775,-0.20505838
1233,-0.0648443853185444,-66.7304039754581,-0.840429540597375,-1.16013610765205,-0.468830869605506,Ethanol,0.09609356,-0.01230453
1234,0.2587538217942609,-3.41192644012648,85.04033221539933,1.60784293160461,0.1107390679030008,Ethanol,0.14351999,-0.1176659
1237,-7.32296691325859,-3.41610129379732,4.057538259390194,-0.497669971260045,0.0026238704618352,Ethanol,0.13343466,0.00125429
1238,0.0122691530823761,58.61182524829411,76.09472493004364,2.42646696408898,-0.0935833900292286,Ethanol,0.20821206,-0.04558389
1239,0.5718390477792145,99.3686262460275,81.35434758111556,34.1591983724478,0.1060741805139112,Ethanol,0.17679861,-0.13228195
1240,-0.0120942993614238,-1.54086011751896,1.34874753834883,74.1276967030347,-0.0901856590250756,Ethanol,0.14148329,-0.141589
1241,1.525223167686976,32.391943218384846,8.123865257949625,47.2861362557043,-0.124794887838091,Ethanol,0.12304783,0.015
1242,3.27796087608792,12.363605692665644,11.339964103702638,2.05221243740644,0.0690785124284445,Ethanol,0.16109535,-0.16516625
1244,0.6503051488829947,15.644065233109153,-2.97206498700979,-0.302440887475436,-0.045356726520923,Ethanol,0.13406669,-0.02645174
1247,0.7754914874269317,6.814266273704771,2.909093461076507,3.50767080897779,-0.0212907414852572,Ethanol,0.1317591,-0.12673311
1248,2.633729300984119,100.34724662461144,1.336644113695721,32.8980664853722,0.0014779994753508,Ethanol,0.17144651,-0.07357227
1249,0.0408795205822413,10.644693915891256,8.948669646448524,77.5071869546469,0.0304656124729604,Ethanol,0.1027345,-0.1004423
1250,1.1078856809533513,27.69671328547924,90.99721759903125,60.0875181584591,-0.0511437460411822,Ethanol,0.13548724,-0.023065
1251,-0.0691109213806525,-80.6178989246652,2.813466153110912,52.1137878986329,-0.122099707570133,Ethanol,0.1220718,0.015
1253,-0.0198378010109557,-0.932771963631671,-0.540905023217367,1.56760969969208,0.0023870327549786,Ethanol,0.21370412,-0.22479175
1254,0.0379686398816785,98.2967729074593,1.105964500285043,-0.484513205558237,0.0241877950779968,Ethanol,0.14463771,-0.1714542
1256,2.971713590283493,102.39804201751885,0.2719742646564596,-0.175296424427286,0.0401552516482192,Ethanol,0.12588291,-0.10537605
1258,4.1951014343171344,-0.22783022392903,1.6777444315122054,97.587943184931,0.000960640386922,Ethanol,0.22366556,-0.07232523
1259,2.598469341646368,101.564947481087,0.9791355761060306,81.6802279411324,0.1097270643202038,Ethanol,0.20072492,-0.16408283
1260,0.2984438763014834,92.40746972122218,-0.510164934584342,-0.875466029821749,-0.0877848054383204,Ethanol,0.14415212,-0.06979787
1263,0.3229645476693754,9.662125345799586,0.2332978811251859,59.9568217705416,0.1034873515735696,Ethanol,0.16956246,-0.09345487
1264,-0.0361288776737849,-1.71785036850275,-0.603130782485246,2.76960222964942,0.0350689783774137,Ethanol,0.12718946,-0.02516441
1266,-0.0497041462643726,25.112758401474853,3.5515394022757927,5.53731466747937,0.0167422067977324,Ethanol,0.12664897,-0.17697211
1267,4.091931253487265,99.3839070090892,90.45246248487732,223.201011312605,0.0552574968650578,Ethanol,0.16143426,-0.09901736
1269,-0.014353019193065,84.29935212106537,2.050965079620988,-0.0744271120204889,-0.0219618830359615,Ethanol,0.12962019,-0.17630855
1272,0.0037862451310301,-4.64654272889401,1.6382880199018397,0.409486862504991,0.0309380994285755,Ethanol,0.18872883,0.015
1273,-0.0071254533000942,6.940084538693692,0.6976289002222282,50.2001684741102,0.0314662371993872,Ethanol,0.12098484,-0.10436814
1274,-0.0237135335066609,20.756362144080143,-1.70160529002447,-0.310464275987282,-0.0463372247552346,Ethanol,0.18066862,-0.06630107
1278,-0.234992936101432,-86.0868650707564,7.8570242690835075,-0.503991936011522,0.0262840062127561,Ethanol,0.10423817,-0.07826216
1282,-0.566085805159221,-1.49647769078492,7.824373620783285,4.25494368175993,-0.0475011974863279,Ethanol,0.13726983,-0.09150402
1283,3.4833488118040195,-52.8666885375363,108.8492821458658,146.581981868644,0.1035135532743614,Ethanol,0.14352628,0.015
1286,0.0535765832046283,100.07316683898011,-0.118690219949583,61.2842822527499,-0.0316044011451811,Ethanol,0.14136845,-0.14074398
1287,0.9848543963283162,99.55608993853032,5.63911499695628,1.550098411831,0.0011629366358761,Ethanol,0.045,-0.10901619
1288,0.1392192503313769,12.176244745856208,99.91454481705846,132.186968162229,-0.0284733494981617,Ethanol,0.1210984,-0.13777585
1289,-7.31189250875131,-27.5002734348616,-0.689478453326691,0.286539830390851,0.0004812541285982,Ethanol,0.07564255,-0.17254447
1291,0.0138278206189812,100.0218766021025,173.28593443132704,177.155341018111,0.0671461788885972,Ethanol,0.20298601,-0.10682781
1293,-0.0569118504552306,12.2556430496536,2.253113543292693,-0.094215807386377,0.1156456818310874,Ethanol,0.13595847,-0.16677643
1294,0.3019211196098951,86.66961143866496,-0.933919103570748,1.70752837144105,0.0643540724245022,Ethanol,0.198802,-0.07311444
1295,-0.102156705637299,-100.577698207771,4.3356075598856725,89.7290327069892,0.0010547657459628,Ethanol,0.13624242,-0.11403332
1297,0.0188696118139719,12.060945416895612,2.769206282693475,-0.0891873034089286,0.1139283212448696,Ethanol,0.16187424,-0.12676107
1298,-2.99086878269733,-43.8508975675997,1.3913570137510902,3.46945316261746,0.0195303485908819,Ethanol,0.12951636,-0.22224578
1299,-16.6735005890804,-2.10906779737003,0.2064510012166024,1.27767238473961,-0.0458179366891891,Ethanol,0.19445749,-0.1178619
1300,-0.0056524918356134,-0.453274606767721,2.7936530762875345,13.2151706727442,0.0319223485943215,Ethanol,0.12798451,-0.01370731
1301,5.1680690162997465,101.06426414389338,80.99955930290808,26.275643921858,0.1344406772865404,Ethanol,0.10237323,-0.07456429
1303,0.4929233330733443,61.91463222333434,-0.0601768430693037,32.2693735470851,-0.1332617562414,Ethanol,0.14032169,-0.10749632
1304,3.4808849158439465,97.28266370484307,0.6262439288478671,4.03707747732334,0.0343516077996826,Ethanol,0.16327915,-0.14932927
1305,-0.0211613779063603,-2.81558123153252,0.2535161820067294,0.612389269662462,0.0351197764720367,Ethanol,0.19437591,-0.10877716
1306,-0.0739420016400278,-1.36988108083995,1.5838509510409675,2.39500608190535,-0.127666721669323,Ethanol,0.19256309,-0.05042366
1308,0.9264499445264742,100.03882950548036,3.766719466083099,3.55808562816555,0.0104376794534177,Ethanol,0.14600838,-0.07438191
1309,0.0431895637693674,1.7518482372034796,0.4064423849078881,0.928537640150574,0.0188442974991483,Ethanol,0.12826337,-0.07459313
1310,-0.0389047048531455,-0.328923222064464,7.700541576806279,4.00645574620563,0.0399523445989651,Ethanol,0.18668575,-0.10208085
1312,-0.0598203924723926,1.1718048747831942,0.1756252930784878,-0.185921081288507,0.0317021609508594,Ethanol,0.13763247,-0.16103122
1314,2.488240213171856,100.48037074908032,2.13955414815582,-0.860439191247416,0.0667445903243985,Ethanol,0.19820494,-0.08177556
1315,-0.257592860632076,12.328366664519171,0.2151943146612784,-0.839261765548051,0.0301400576041419,Ethanol,0.14972583,-0.24216604
1316,3.430092079387515,100.03071262607791,3.1602082951228305,3.7420865149523,0.1041577908795104,Ethanol,0.20722202,-0.09109617
1319,-6.67043623082248,-70.5525893229112,-0.603565460952062,0.328672957759561,-0.0784301861327611,Ethanol,0.12513135,-0.11319563
1320,-0.0354305522122984,10.127420523338316,2.3588930173932474,21.5885569620108,0.0801603204365058,Ethanol,0.19065671,-0.0254866
1322,3.6154580959939295,28.796695058894844,83.0651840097062,95.204833351718,0.0265111301730801,Ethanol,0.1288125,-0.15826169
1323,-0.00300854891288525,26.48544759285509,-0.00523591566774062,81.4291139358684,-0.130698835791345,Ethanol,0.0949808,-0.06996116
1324,4.164082130542473,96.02309357835328,108.71830401883584,165.043813183925,0.0013402799187995,Ethanol,0.16690451,-0.10944069
1330,0.280960460135486,44.34571714423315,97.68412713005029,71.0325156591073,0.0232184036821212,Ethanol,0.13629316,-0.14537712
1334,0.0015873853738396,-76.3189833977291,13.622611047608691,2.2253380510703,0.0318591598510368,Ethanol,0.20004127,-0.02131005
1336,0.009057696565178,6.274291205079469,0.9722065548474346,-0.858175822991489,0.0692140207412895,Ethanol,0.18745828,-0.10251846
1337,-2.41711127436609,-23.2712438411513,0.5692733388031521,-0.744089564542686,-0.0362909218551719,Ethanol,0.14389739,-0.12374204
1338,-0.0367350562019029,-3.2073453041415,7.279615093689103,27.7652291022568,0.1197970682917988,Ethanol,0.18499512,-0.1113477
1341,-0.019842596979306,-2.02911188390213,2.36442975413324,1.02191244055566,-0.143866731400779,Ethanol,0.09260872,-0.21217222
1342,0.0106968756982749,-0.054066124296335,-0.0286822867040339,1.1715862392808,0.0218115625590455,Ethanol,0.16558866,-0.1662263
1343,2.189858555125295,18.61167536040238,83.05025775239855,4.05833985414329,0.0241171720560563,Ethanol,0.13211141,-0.09801697
1344,4.152499298733022,102.32109658173869,88.47134022912762,56.8352168005625,0.0668407357341925,Ethanol,0.24200425,-0.19335302
1345,2.583651075291065,68.33491590648349,176.30830266907716,107.571773579088,-0.0192480071611312,Ethanol,0.10524886,-0.15069529
1347,0.3050160349076006,100.07158393926233,83.93904194460848,175.737575771022,-0.0315578647727755,Ethanol,0.16815737,-0.16724532
1349,-0.565698996247333,2.049018222153837,-0.550729732841019,1.7847596080644,-0.0836368876348317,Ethanol,0.14662444,-0.11612196
1351,-0.375839579660812,-90.6257348371183,-1.96780636806829,0.0656661126052187,-0.148471199263316,Ethanol,0.14036761,-0.08502353
1353,0.0010951696314507,-1.66270152286513,3.543423032118832,97.2855806880377,-0.0720275710012808,Ethanol,0.12458266,-0.12883432
1357,0.5916139698538501,102.15153978781144,92.32326172446652,17.4786853084506,0.0062913498702468,Ethanol,0.1464636,-0.15495062
1361,2.845460586780314,100.5647554045133,89.32805165190965,107.62124536013,0.032308175312258,Ethanol,0.13949558,-0.07314074
1362,-0.0292051320960163,-0.436491198402434,1.4253369310129245,0.446007739292203,0.0334749864847875,Ethanol,0.16560611,-0.13330057
1365,-0.0478012078779577,82.46818780502733,83.0166565721178,6.86635952120174,-0.000790165724637342,Ethanol,0.045,-0.16301164
1367,-12.333004365271,-1.94255381822403,-1.97649148618406,7.529881684979,-0.482589713885761,Ethanol,0.1809562,-0.21308398
1368,0.4037018382469222,-24.7153949946628,10.39731091910422,64.1368307828597,0.0625278542517892,Ethanol,0.2387959,-0.09991366
1369,-0.0325129261885837,0.061765333204742,3.179285481762654,0.0179161840958741,-0.00103873068438324,Ethanol,0.17636466,-0.11204788
1370,0.0681876976929866,100.60601159712915,-0.535562740486482,-1.39616520041883,-0.0514275418547347,Ethanol,0.13287881,-0.13924946
1371,-2.68717081734787,-15.5295436568698,-0.363226969654796,0.262559055045959,-0.136188619422644,Ethanol,0.11651499,-0.22457582
1372,3.2439832847100005,103.61873552169584,0.8302524084833667,1.53030811115713,-0.086280208191301,Ethanol,0.1470598,-0.13613834
1373,0.3016166059715601,10.8922884758299,-1.51632943530664,-1.10937001611066,0.0059472373286095,Ethanol,0.20697791,-0.18060819
1374,0.3586050176521472,100.91299815789588,1.1343226106010245,7.81511593383192,0.1142480814998775,Ethanol,0.13545594,-0.1219399
1375,5.873318555929644,98.65843740501889,80.70318633815711,98.8355359951181,0.0002905312790644,Ethanol,0.17325806,-0.20178097
1376,0.0201770355695481,-78.5057625404694,-0.871569467316163,1.25959220643151,0.0020812335203379,Ethanol,0.12521219,-0.20538155
1378,2.303520634986828,98.22185322521156,-0.480523991120622,3.67858352105439,0.0346700758300839,Ethanol,0.18897206,-0.00010248
1379,-0.163884686008135,-0.445253906320991,0.1201617285156359,0.254249965377853,-0.127354357143802,Ethanol,0.07560134,-0.12138677
1381,-0.100362391441259,1.2861419840316932,1.5063271023305749,50.5094722088516,-0.109205308148113,Ethanol,0.15686615,-0.07693318
1383,0.021675069491848,-1.35831343728501,69.68363286052949,29.2023034777899,0.0010136576367656,Ethanol,0.12024682,-0.12613184
1384,-0.0115828507348265,-24.1308438660559,2.1081897088322017,-0.753848733192778,0.0955498980547023,Ethanol,0.11907808,-0.05038801
1385,-3.11281082798004,-97.0701895717082,0.2456801263808062,0.960573201214012,0.0229489201610606,Ethanol,0.12440194,-0.245
1387,0.028159018716421,90.97706206813471,86.0826026609922,93.2239529460689,0.032216208892584,Ethanol,0.10824121,-0.10259054
1388,-5.89600364496151,-0.402111523719261,-1.54595603574434,0.817306377047336,-0.104174550375503,Ethanol,0.14396732,-0.09742089
1389,3.4366820616423315,99.91799167449392,5.045720893711584,-1.70832215753881,0.0937035591616556,Ethanol,0.19993636,-0.07115531
1391,0.0373624515147569,0.5044941911643244,1.6041287537835558,34.1657219429816,0.0093835740615724,Ethanol,0.15661488,-0.0396117
1392,-0.0270591422515749,5.02798199019045,2.538610574495134,0.855369897073963,-0.0468665728816926,Ethanol,0.15174318,-0.05921459
1394,0.002026169102947,-25.5918734357761,14.516909804851831,1.74856897475577,0.024072065121444,Ethanol,0.16382132,-0.10593695
1395,0.0183955142387086,-12.5162781374102,10.765649583917096,128.165556887124,-0.142897717908494,Ethanol,0.11984901,-0.19025674
1396,-0.192525298066273,-81.9731362858115,1.5174133719626417,0.881344611339036,-0.04475287982457,Ethanol,0.17968211,-0.16322047
1397,0.2327420984822089,49.17718809135406,0.9687452305970456,0.0559612527199331,0.0649042057183387,Ethanol,0.09504943,-0.17224042
1398,-2.58059994692726,1.3728136918012583,6.358993774380775,0.774154803389359,-0.137196599341446,Ethanol,0.13553729,-0.09165137
1400,1.653129932573283,-67.4901157111226,7.33569073099766,52.8733113913874,-0.0521959571189289,Ethanol,0.1843607,-0.08775491
1402,-0.025985285835792,-79.8982373037308,2.740328583892756,0.418821946431136,-3.75621157210638e-05,Ethanol,0.134367,-0.09960777
1403,0.0428860419831322,-0.486962713311099,5.3812165472177735,-0.102067097164076,-0.0930215583176706,Ethanol,0.15648425,-0.10331661
1406,-3.90782622983677,-1.54990244098392,-1.28486472167217,-1.06782200839604,0.0203557805094425,Ethanol,0.17114703,-0.19615929
1407,0.0058616833199355,0.8830300389207184,-0.525296840667484,15.3278812163833,-0.0474639245679974,Ethanol,0.14285567,-0.16082827
1408,-0.77221717267409,-12.5363340336576,-0.801464129824393,0.76726212197394,-0.121447293661383,Ethanol,0.20133645,-0.13651538
1409,4.152522620135999,96.49121206855332,123.01524661673012,177.838493959091,0.0319472070037575,Ethanol,0.21545412,-0.09647919
1410,-7.32836961745461,-88.1736838944552,-2.6471323929868,-0.343019186475763,-0.0730431707878623,Ethanol,0.12769616,-0.10223561
1411,1.4621319292196426,25.158183364469604,2.943735809134475,10.3529243702179,0.0697648895304264,Ethanol,0.07046432,-0.07226101
1414,-0.0361264543534284,-6.42518054480793,1.6886188954082246,1.27719864893868,0.120509337327044,Ethanol,0.19259911,-0.08619521
1415,0.1482123073427019,-1.91251415980223,95.83960540650936,29.7417249168605,0.0241994072959099,Ethanol,0.11859708,-0.09169449
1416,-0.0423381234152186,-80.080306217736,0.8136961501407602,33.207403767865,0.0028603925563061,Ethanol,0.18748569,-0.09499652
1420,-0.000100576722951032,-66.4824161661881,1.1042073183352434,-0.81891190591076,0.0344003345668539,Ethanol,0.06764875,-0.05987076
1421,3.6550995711081686,99.63390199091889,-0.801880675612106,2.12830232985632,-0.0459410916905526,Ethanol,0.12153407,-0.02725689
1423,0.0495777495017596,97.56212175732092,-1.30635016789148,-0.198021602227934,-0.0282531892522784,Ethanol,0.13708912,-0.01686736
1424,0.0514923920487466,-73.0213626618712,4.417243863493655,1.16799510767832,-0.0602345652460333,Ethanol,0.11551463,-0.10621295
1427,-0.572463185020542,-1.73651554455165,-0.95833977452569,-0.432885912623319,0.0029381719900443,Ethanol,0.1402748,-0.17300519
1428,-0.0472147269378507,-2.05739257163692,-1.55559228729954,1.82399595241304,0.0034269717945851,Ethanol,0.13835342,-0.08456349
1430,1.3246483021349738,7.768434616320707,1.0453895125397896,6.97735420188342,-0.149361878888763,Ethanol,0.17501529,-0.15413682
1433,-0.0163119640408106,45.05648413523684,0.8407407998183337,5.61445614901399,0.132251179229481,Ethanol,0.06145204,-0.06828356
1435,1.739385098155155,-57.3276348620997,83.65273573219771,62.2593009564687,0.0244471863629791,Ethanol,0.10861114,-0.09978538
1436,0.0591726686548417,-0.372682403888237,-1.20758065784516,-0.051028862605399,0.0514599202837282,Ethanol,0.11752634,-0.09092011
1438,8.33780896964062,99.25216381657197,8.606468849697313,84.7090696860156,0.0340798049762387,Ethanol,0.08632882,-0.10453924
1439,-0.0278311762841424,97.37297937169876,1.615552833833194,1.83187586118879,0.0009657886690882,Ethanol,0.17312767,-0.1025394
1440,-7.5316804383971,-83.7617997832761,0.1792034867468419,1.14731745418904,-0.047428270398649,Ethanol,0.18343977,-0.04935286
1442,-0.00484192201718731,-0.254127095178807,-0.7099345159505,-1.51252059669373,-0.00289257529457619,Ethanol,0.15537567,-0.10101604
1443,0.3202158939581828,99.4828853666507,169.02056321227408,177.541197940531,-0.0186246613951552,Ethanol,0.16716837,-0.10525959
1444,4.16468359241696,98.67040793745662,86.15069056675735,50.2594459182281,0.0102874746698669,Ethanol,0.18945115,-0.14422668
1445,-1.55528738715066,-1.72576292029515,1.979022884339584,1.84459258899054,0.0584744644693152,Ethanol,0.09098506,-0.06331225
1446,-0.882207302571336,-4.86145250168266,13.210763436713728,1.66479440121529,0.1072453030959789,Ethanol,0.22311135,-0.17623454
1447,0.0406284743746393,99.8774587352404,-0.682187639490783,-0.169235205402749,0.0996012873414799,Ethanol,0.13435765,-0.07230073
1448,4.130321303499193,64.21754990149893,98.381190960477,106.333419313543,-0.0968005379642849,Ethanol,0.21259925,-0.03095075
1449,-0.0667635129559938,-43.3173820694614,2.4513179260417246,2.81269065655737,-0.121495018970608,Ethanol,0.09089208,-0.0927156
1450,3.622292976350527,99.94898939265276,7.1724177791312655,67.3488328487486,0.0670412679669541,Ethanol,0.16592425,-0.01728047
1451,-0.0686497281913316,-0.857388010182047,2.4224768500442524,3.21622479883994,-0.263370848467056,Ethanol,0.10285117,-0.04110898
1453,2.975536030571519,99.1255572050944,92.3567023355718,74.1023867959123,-0.0181490743684668,Ethanol,0.15595492,-0.10110109
1454,3.7543071930289567,83.5150783574127,1.5173649921664665,51.8270695539303,0.1232750081534161,Ethanol,0.12952258,-0.05380861
1455,-0.00242453577777948,-80.2955152525025,-0.19661403832176,1.28300236547599,0.0313877799428434,Ethanol,0.14438837,-0.23403391
1457,3.6168383089840055,8.720731739750333,81.92664422349274,62.1987678810104,0.0932256998562918,Ethanol,0.08363412,-0.23944654
1458,-0.57106177108287,0.714813048020182,78.91055763062064,3.67647083011369,0.0236360803232641,Ethanol,0.18019848,-0.09155197
1460,4.163738796396933,98.955329223311,0.8903185335731716,7.92448834665663,0.116849514190122,Ethanol,0.15733701,-0.10463118
1461,1.0342667825521674,-5.06149424905576,0.132350394575174,0.871880146713439,-0.0529773399920898,Ethanol,0.17123932,-0.11272081
1462,-0.31279376044467,-17.7141180634859,106.27846054386296,56.5665980497352,0.0355619428842991,Ethanol,0.12853708,-0.19847353
1463,0.314273296521011,42.15264947143368,10.484610043377568,32.7348968794712,0.0246801364483469,Ethanol,0.04914086,-0.05308481
1464,-6.76579701663999,-0.889850988928011,58.0101075521376,1.11097627518134,0.0262152846145885,Ethanol,0.17107761,-0.07289266
1465,-2.52363352342756,16.068728485212162,4.882898619773444,0.409919585007771,0.0015964821848853,Ethanol,0.21150033,-0.11468666
1466,1.5323798440316057,45.33866253200303,1.303545664801559,49.9223632145382,0.0680663911621646,Ethanol,0.11741991,-0.06208505
1467,-0.040496732139063,8.1466681972699,-1.09052437292115,1.6742406123516,0.0605737870582846,Ethanol,0.10285568,-0.06179932
1470,0.0021438010841006,99.81292695953763,1.5585280224443174,1.29161458113526,0.0671888552770568,Ethanol,0.11682308,-0.0211392
1471,0.3144459554697172,98.9442862042766,96.09543143618724,99.736943535858,0.0257933543040069,Ethanol,0.16699337,-0.14480394
1472,1.009243858188031,81.32845693985173,72.84737339535266,20.103143469568,0.1331686741214666,Ethanol,0.08812496,-0.13736126
1473,4.187258813654871,99.81431391781152,1.1353931222902047,0.160203379872617,-0.0310261560751571,Ethanol,0.07045732,-0.07648673
1478,4.121125894722404,25.652066997418004,159.05822410440808,181.18189969704,-0.0226301569951917,Ethanol,0.18137243,-0.06018665
1479,-0.0868291870745234,0.2355939870432257,-0.988207791059668,1.51976742284724,0.0011985467071239,Ethanol,0.10714934,-0.10557948
1482,4.038415472100861,10.994690368865026,106.53485196170406,179.474185302266,-0.0468033588354506,Ethanol,0.21304522,-0.11255593
1485,-0.0391853551394069,-70.0768013345012,-0.777589441512848,6.49492381132892,-0.0942177898716992,Ethanol,0.128327,-0.08585196
1487,1.8510270293378623,101.834275492739,169.7414878615848,212.160312145632,-0.102808756869,Ethanol,0.10933502,-0.10319
1488,-0.0228478640518244,1.7516789201690188,1.4060939199093352,-0.0528776758403529,0.0014836599310276,Ethanol,0.13567496,-0.06445257
1489,3.046129317048191,101.38496919655306,91.6834015643289,60.7996768160836,0.0791808862873368,Ethanol,0.1518641,-0.11249706
1491,2.690666133924082,98.75110948338934,1.0273130253381235,12.7039149218689,0.0289145493188489,Ethanol,0.245,-0.09798609
1492,0.1309682348680285,98.50470106984557,1.575972140008284,0.557650240292973,-0.0916591595851653,Ethanol,0.15652341,-0.17790692
1494,0.4038765780493684,100.04000197455578,3.934778430668424,12.1843953832877,-0.00023732184821765,Ethanol,0.10865956,-0.20383207
1497,0.6544041603786034,1.5217273179665596,86.85378561032933,178.616448699704,0.0244791772504531,Ethanol,0.17133857,-0.09528217
1498,3.962146033613142,13.939849205776886,140.99651636875325,106.39921712049,0.0210203661168624,Ethanol,0.245,-0.12775449
1499,0.0446975610675975,99.56772179271566,89.05925662093962,8.65492291031312,0.0318162153261342,Ethanol,0.0640415,-0.09133547
1500,1.330726136994937,-1.29177075005119,81.83486357201646,108.806932589366,0.023248168491449,Ethanol,0.1653733,-0.08259878
1502,-0.00972957489723026,-83.5894043145612,7.33621427675215,3.80482213511125,-0.000591049850965456,Water,0.0927934,-0.15141363
1503,-0.0079989597656919,-83.5454634764655,7.167254895539383,8.24886501824952,-0.0006864945621146,Water,0.0949934,-0.19756379
1504,-0.0177060489541413,-97.8090983052987,9.187790432611092,8.59453643427987,-0.000520174779447108,Water,0.08016369,-0.29411947
1507,-0.00722166880847803,-84.3940239482808,1.51377840036664,1.49210202391142,-0.000590420465568199,Water,0.07676029,-0.20850144
1508,-0.00402868891750777,-36.5409529610657,2.854909023453215,6.22168889499914,-0.000656258816246741,Water,0.12784276,-0.38188579
1512,-0.00255266046775163,21.87846295618881,0.345681684646574,3.84239527711316,-0.000747023928785834,Water,0.09880106,-0.20825729
1514,-0.00938252193676902,-70.1762814379216,2.2164870387257327,1.24062627592342,-0.000982877543301406,Water,0.08098104,-0.32482579
1516,-0.000385064407418698,-21.3073833497745,0.2903510048283042,0.124448024391725,-0.000664428216016038,Water,0.09540374,-0.18405931
1518,-0.00815887879335849,-76.4118625635456,0.1617581949378454,0.437594644908606,-0.00118794231113161,Water,0.015,-0.15713763
1522,-0.00815830880753745,-91.3632659528117,11.12609311830917,9.85015967693736,-0.000193800612200869,Water,0.07737225,-0.23711892
1524,-0.00437563251077386,-75.9777559938882,4.886082876652762,6.96038454655702,-0.000593130193509003,Water,0.10213075,-0.0523335
1525,-0.0106004536190449,-86.1064683975685,9.597615492057342,16.4669280890328,-0.000563127284485806,Water,0.08391656,-0.1350908
1526,-0.00432068600219484,-21.2210292087817,0.2207712251047715,1.24472317908789,-0.000482874620295562,Water,0.07128882,-0.36562646
1528,-0.00304838454196919,-61.3403199895995,0.1642069395127233,0.224959593867638,-0.000976555805572449,Water,0.07187554,-0.1610667
1529,-0.00615380055236666,-90.1625042220564,9.340444277961064,7.88910361929326,-0.000615971815511997,Water,0.06639022,-0.21583745
1531,-0.00278931045451726,-33.7370938220572,9.025480145776337,4.03556453678187,-0.000663223593539363,Water,0.08928003,-0.17296512
1532,-0.011826423095215,-92.0803348303365,5.832291808443448,5.54204699865707,-0.000595473266760513,Water,0.09700741,-0.250496
1535,-0.00943420491673504,-75.2636082972075,5.013271216436214,2.76144436297258,-0.00059982958316928,Water,0.06697565,-0.23439855
1536,-0.00776239904843608,-62.7753630344401,6.043445377334869,7.99127165780032,-0.000675017932886279,Water,0.09307101,-0.19122056
1537,-0.0081127194296074,-75.8392002470569,9.512186457869229,6.91775851941916,-0.000424902110999418,Water,0.03743905,-0.31699168
1538,-0.00277741026182641,-63.6091345066014,2.303483979906249,5.0824828040754,-0.00108416492130357,Water,0.12515359,-0.20219658
1539,-0.00264654586980576,-11.016480745611,0.2191620255227166,0.703993235190806,-0.000770353540371624,Water,0.05635581,-0.1067556
1542,-0.00850222022362373,-80.335934835007,7.936349529516411,9.72843637401158,-0.000482009969099601,Water,0.04299721,-0.20293589
1546,-0.00226347978680482,-28.3829455025229,0.1845443748469943,2.60450546664951,-0.00100164645510991,Water,0.08157663,-0.15311337
1547,-0.00749981201751591,-73.2954300094548,5.220319581461537,1.45843749436954,-0.000690866648586509,Water,0.10874271,-0.18771651
1548,-0.00268957771566152,-44.422891470298,4.943340210883084,6.94586333262406,-0.00061754994252628,Water,0.11373748,-0.19451433
1549,-0.00347784182491979,-78.3314027803036,5.141297674284471,3.78901888129334,-0.000418450317582383,Water,0.03673204,-0.21107965
1550,-0.00497351507236963,-67.3255158301207,1.7298935438844043,4.76095258237573,-0.000630408969154892,Water,0.06000825,-0.13855008
1551,-0.0117285251405833,-89.5863128211899,2.910814986432396,1.91010198394861,-0.000780839661065496,Water,0.08178141,-0.16464308
1552,-0.00424528947361547,-88.7896195464603,0.2623175594896549,0.752369778657505,-0.000989972143996764,Water,0.08029637,-0.5057361
1556,-0.0117078602421586,-98.5521816159628,6.6680958078547325,8.37264954222667,-0.000694549317040281,Water,0.06987635,-0.22319283
1557,-0.00753186838913344,-63.8563398956154,0.4629024637836831,2.63430045776558,-0.000710285824460591,Water,0.09355403,-0.16705231
1558,0.0207050138633265,-19.8892138170726,2.731301248178488,4.53949189971375,-0.000497225403573516,Water,0.08238681,-0.14641485
1559,-0.0061143277512048,-91.2948560232513,0.0958133518276347,0.587208327423477,-0.00123512864535762,Water,0.11311749,-0.23262482
1560,-0.00223191012343489,-70.6226158335975,2.802546505619457,4.82148247070739,-0.000472061246857177,Water,0.08683585,-0.47433736
1564,-0.00612785800575099,-91.0353413504919,2.7574021121528927,4.6824753342863,-0.000525451620682076,Water,0.09366426,-0.26329554
1565,-0.00298009100309583,-36.3221824353745,0.1715927747253436,-0.0033982525644955,-0.00127178151618711,Water,0.11527244,-0.14850478
1568,-0.00339648497174697,-36.5258271122693,2.8504102381154115,1.27748654990489,-0.00109241159053844,Water,0.09709803,-0.39958671
1569,-0.00945632563688428,-88.4311836372938,3.9500153537637344,4.57722602604491,-0.000802244404176283,Water,0.07622149,-0.25983113
1573,-0.00279682295623471,-42.9852771533956,0.0638978767320796,0.158190841183872,-0.000707809544659183,Water,0.08196528,-0.20910568
1574,-0.00826852760666794,-53.8350020806862,8.132187739466147,7.53383627949278,-0.000626651358857086,Water,0.06081413,-0.22064221
1575,-0.0104768883533661,-81.8966293328995,4.666712168695922,3.42577662043643,-0.000597926656542126,Water,0.10000459,-0.23284573
1576,-0.0126458672390393,-69.8641199840887,7.981332365676741,7.30563844086108,-0.00107904868369499,Water,0.03168309,-0.32512049
1577,-0.0092569405222175,-74.0507560839039,7.077137398891886,8.36635304282663,-0.000804919081105114,Water,0.05695623,-0.29270831
1578,-0.00827290575340466,-90.860940981524,1.8396908007733732,1.19673421643337,-0.000712367148467916,Water,0.0726379,-0.26262224
1580,-0.00590151905139029,-64.1746620784687,9.082391096409165,9.00751567591812,-0.000552428680128655,Water,0.0683846,-0.20862119
1581,-0.00266738652770682,-24.1543623589873,0.0220903248295981,1.22892619815719,-0.000598935294579316,Water,0.12356333,-0.26569764
1583,-0.00270888302892621,-33.6214449884214,0.0581109101601325,-0.0649060704751954,-0.0012725616587448,Water,0.09059389,-0.20078852
1584,0.0186898754717385,-21.2897787844448,1.7534292345974931,0.216157172218613,-0.000431540332669848,Water,0.06458448,-0.14394872
1585,-0.0145030470726634,-93.6253965730784,9.083680685719006,7.10994784134786,-0.000480521993878544,Water,0.05944088,-0.08024456
1586,-0.00559573090300368,-42.9065390094153,0.0437081708418802,1.97647306795546,-0.000744668686449204,Water,0.03478729,-0.32665691
1589,-0.00256487594238544,-37.4431392788044,7.422123421985258,3.4435618206744,-0.000474228253702632,Water,0.05728984,-0.34459776
1590,-0.00512037742186983,-70.5472235894798,9.08850053032294,4.11583909611981,-0.000593107786978652,Water,0.04232853,-0.16676754
1591,-0.00439169993244652,-81.1398254557884,9.40651215105238,7.6140899458418,-0.000561954978656215,Water,0.06194247,-0.25430732
1592,-0.00354787258440975,-30.8240496069467,0.1578834165325245,0.18237225520748,-0.000617446420144609,Water,0.0337872,-0.28669489
1593,-0.00579708008420915,-78.2638787701223,-0.0198739208467021,0.03857282717848,-0.00226506649261046,Water,0.06029433,-0.37529789
1594,-0.0127897706116328,-91.1703853060917,5.695695154915264,5.30278954469523,-0.00156178433074007,Water,0.0667225,-0.21158532
1595,-0.0100650848745686,-91.6747049006761,7.156545929226014,4.94814748703416,-0.000744852862214487,Water,0.12004599,-0.39043187
1596,-0.00496947802852825,-77.5611905417868,6.969550316553911,4.52331820663269,-0.000624714943014885,Water,0.08994083,-0.24178013
1597,0.009062489754805,-33.7687216441375,0.2469550878173501,0.705857992793265,-0.000999465694210739,Water,0.07063583,-0.31129123
1601,-0.00752241675906375,-76.0767434559994,0.3897789346473904,2.48835122425417,-0.00065451622939047,Water,0.06227326,-0.07383235
1604,-0.00496561803828697,-76.1019712879046,6.076127693601116,5.20926795656068,-0.000420637209698114,Water,0.11060431,-0.15122039
1605,-0.00767230547851368,-43.4643699806863,2.1597876133973952,5.7881288159939,-0.000421339565342533,Water,0.05673757,-0.2983349
1607,-0.00979217940429336,-91.6479809525597,8.95131668365405,9.5277200485012,-0.000549051085476174,Water,0.09884662,-0.11882723
1610,-0.00257096210913416,-47.9059117562746,0.1707435651460359,3.98400919067485,-0.000615508421798504,Water,0.02943811,-0.28674964
1612,-0.00632477258022524,-40.3527339517337,4.6998553136441785,5.58506760845745,-0.000694382206881567,Water,0.03335453,-0.13190499
1613,-0.00498298400551588,-71.5444767905887,9.538805199370934,9.27116290885166,-0.000768499626429975,Water,0.11065558,-0.33743549
1614,-0.00268872095013877,-35.5101098341544,4.889759951862087,2.18992514476896,-0.000511749557441798,Water,0.05929482,-0.33399536
1615,-0.00381919332835023,-80.8527633992192,1.3783730431760322,1.05627035192186,-0.000420069902621794,Water,0.06060947,-0.37780878
1616,-0.0130958097107726,-62.68893323901,7.9201946493985,7.67503605429537,-0.000986365156197011,Water,0.05980911,-0.33849414
1617,-0.00590261924545814,-57.023498537135,9.30351022725544,7.9575592471695,-0.000670461252208432,Water,0.10474957,-0.28755517
1619,-0.00509831659531176,-75.8523973959624,7.147533648889037,4.26462844451811,-0.000426549955649277,Water,0.06383117,-0.13973903
1621,-0.00420453725561331,-28.3565442775591,2.611430284369349,2.56968637354028,-0.000514213035165015,Water,0.08552204,-0.09943374
1622,-0.0158431615819163,-95.4973758409977,16.580060326598,12.796860734973,-0.000420392199416342,Water,0.05762629,-0.15294015
1623,-0.00501643996687404,-60.2215867343224,2.9209118420187363,3.34037503930596,-0.000589261274282257,Water,0.06620836,-0.44860781
1624,-0.00305701457974472,-46.9198094187256,4.860706672688027,2.76766818441815,-0.00058631323722966,Water,0.08942605,-0.20021716
1625,-0.00896169205339392,-90.8350907832135,4.867570200418469,3.82074549291543,-0.00201161951422913,Water,0.06222346,-0.2708638
1626,-0.0105367680391939,-89.4850819307286,6.995515868910946,5.37499342332071,-0.000636996130873249,Water,0.05693938,-0.19905568
1628,-0.00579807115914542,-72.0054131926345,5.724966938654849,5.22096951638751,-0.000566238114543421,Water,0.09753329,-0.14419192
1629,-0.00260540703450987,-28.8624957446333,4.401798171644449,4.13812613963871,-0.000588636046617609,Water,0.11424397,-0.3506626
1631,-0.00260932143752894,-50.5260162247353,0.1940028313573068,0.0926331255447815,-0.000520554270181778,Water,0.09442599,-0.22842893
1632,-0.00448913645034541,-43.7346332053396,5.650784647339252,6.74998733095786,-0.000518002142396032,Water,0.08318399,-0.14819624
1635,-0.00249162119426058,-33.6628492668466,8.799368273667998,4.72617353504722,-0.000694483927356522,Water,0.06166517,-0.015
1637,-0.0135768253770358,-85.5774187093854,7.17310471768212,5.40574790834491,-0.000843421271002245,Water,0.06245985,-0.21919214
1640,-0.00488679202112244,-43.6954127935817,7.22910175666351,6.24053763262275,-0.000403162295540841,Water,0.0947799,-0.12853732
1641,-0.00264371101996754,-75.7090837022512,0.2502500717039854,0.47079912508496,-0.000269709458147924,Water,0.03591781,-0.22570889
1642,-0.00346924549966149,-35.558505238171,0.9611285378609294,0.79358666475552,-0.000888161995374392,Water,0.09728255,-0.19697897
1643,-0.00503930466796733,-69.6140466829896,2.647183207129403,1.14696803219605,-0.000711175561209366,Water,0.07642806,-0.24092463
1644,-0.00988201493109008,-98.2667953669113,7.241626453446016,6.93520546409292,-0.000424247377980705,Water,0.06391699,-0.04915845
1645,-0.00843931465081554,-92.7056139426999,0.404763094700101,2.60663877469789,-0.00097171587327427,Water,0.10828372,-0.15591842
1648,-0.00896225896268409,-59.283030397225,9.77057633913346,10.8959792196803,-0.000611239215326895,Water,0.08456558,-0.1557572
1649,-0.00718127395038921,-79.7601153922607,7.368784971977739,6.48827628324519,-0.000481252866154972,Water,0.08780935,-0.02217869
1651,-0.00272340713852597,-74.4668738076609,12.696055145305811,11.9232850195381,-0.000227066307288801,Water,0.05641848,-0.32252504
1652,-0.00243842750742323,-77.1801425853306,5.052317994908862,0.807695064630009,-0.000251478290276622,Water,0.07865478,-0.17297879
1653,-0.00399584840790691,-61.2835711752151,0.3538352670605306,1.45770264759453,-0.000754050137363556,Water,0.10374347,-0.32909376
1654,-0.00449396338758789,-49.170890741942,2.330048692564558,1.44419341984437,-0.000810138352521713,Water,0.07406149,-0.17110196
1656,-0.00800399178951329,-89.1860092919069,2.0215714349890983,3.82811046262868,-0.000835823780667909,Water,0.04943527,-0.23903661
1659,-0.00289493408276733,-56.2377957242983,7.377774787036552,3.32454874276883,-0.000650681493044495,Water,0.03083483,-0.05628463
1660,-0.00584561265072572,-77.0134225032412,7.104640361047783,4.95536864017316,-0.000472626427384589,Water,0.08419979,-0.19957526
1661,-0.00804019469280277,-89.4414617825118,2.399631976229735,3.38552039568791,-0.000568886443302851,Water,0.04504717,-0.2384687
1662,-0.0110401213122553,-83.0956894085291,2.881574268962125,6.74661030271721,-0.000414578025089225,Water,0.09283705,-0.24346049
1663,-0.00599435511210788,-88.7814243294032,4.794724668695366,10.3268322074402,-0.000584420899664752,Water,0.06840869,-0.2239101
1664,-0.00418222029542203,-11.1635595712256,0.1442683824340072,0.040962913735443,-0.000718325274469951,Water,0.14150609,-0.26198878
1665,-0.00618908969506748,-76.3802995289657,9.307531195495883,10.0343994850829,-0.000541214011569963,Water,0.03524199,-0.45620351
1666,-0.00854299479154669,-83.7126436933087,1.6347939453178366,2.63684871704293,-0.000596048425624112,Water,0.08285461,-0.29380051
1667,-0.00603193575844357,-93.2717263845617,4.763131653514519,8.52579891693285,-0.000598022242091451,Water,0.10184447,-0.34789518
1668,-0.0118295075742378,-98.0252326621118,9.349225392102747,4.32298071656831,-0.000606525023454498,Water,0.0572584,-0.27102023
1669,-0.0106500345184713,-92.0717832639329,0.1737354364502604,2.67236138823313,-0.000645547531754945,Water,0.09482936,-0.31728972
1672,-0.00263093605542285,-60.887231132203,0.2828741716509309,1.62316986710418,-0.000532714480194839,Water,0.07749972,-0.30341145
1674,-0.00501002091195296,-59.9971249869928,9.586714340597172,8.4283799732201,-0.000622062495663439,Water,0.05240251,-0.14815687
1677,-0.00868145940894889,-61.7900386803483,0.4834982520592224,2.92749761480327,-0.000744598219602408,Water,0.0386633,-0.2222935
1679,-0.00842825534907052,-36.7683404867979,2.833260599210589,5.59243931918203,-0.000728151856308777,Water,0.11427671,-0.16454871
1680,-0.00425047689465205,-74.8422983594421,2.847781108371046,2.87229697534297,-0.000418957856524922,Water,0.08110222,-0.20159478
1681,-0.00620293400072188,-83.7291056656942,1.0976460057109958,6.57659590888266,-0.000602688711160157,Water,0.03273626,-0.43615539
1684,-0.0029361105872036,-42.7369891024825,2.115174132574368,2.01902064941378,-0.000592405568159357,Water,0.03925189,-0.26817921
1685,-0.0101955324757864,-88.2181313875927,7.865400495306288,5.84949160675508,-0.000452512948007903,Water,0.05368778,-0.23613329
1687,-0.00261537568883223,-24.1021638051322,7.548871003644756,3.0416212426223,-0.000572328099156327,Water,0.02853966,-0.24867725
1688,-0.00508001244027189,-48.0545948013684,7.250782207958769,4.81470891569489,-0.000734343116920568,Water,0.07547732,-0.25488423
1689,-0.0139130761729271,-91.7446346930077,9.471933296969352,12.1427356174195,-0.000498681487440467,Water,0.08002549,-0.40250631
1690,-0.00798697850728753,-91.4653459207199,0.2348015940187756,0.232419439448958,-0.00105221043960169,Water,0.01941685,-0.25831829
1691,-0.00270095358998656,-12.7666094504708,9.45136677109414,5.21476109157695,-0.000610898213705212,Water,0.08126638,-0.30123989
1692,-0.00414948958962619,-46.1440007645247,8.927486468969999,7.06478867446402,-0.000664074637523407,Water,0.04295976,-0.17520238
1693,-0.00264961459130769,-2.02185829407409,4.779575452220454,3.3763535877243,-0.000662000111732731,Water,0.05837622,-0.16371425
1695,-0.00492749518315362,-75.6410188852438,2.9994692746570863,2.99591446313757,-0.00110250900034892,Water,0.07125318,-0.51472638
1698,-0.0051229339822059,-58.2331640190986,9.400793340395843,8.78055848702041,-0.000640911805705268,Water,0.13052627,-0.34127207
1706,-0.00755313615930934,-80.8323585563438,2.445695332237055,5.7227860127269,-0.000426653538047886,Water,0.07263094,-0.51259276
1707,-0.00265002762411846,-25.1086675451939,0.1085251094489453,0.137679182655741,-0.000685194560663068,Water,0.05889644,-0.2507566
1711,-0.00417806975725615,-46.6964677975963,7.232345837006727,3.83773439910125,-0.000539180290006866,Water,0.07400715,-0.05675729
1713,-0.00588466986891076,-80.2314108987914,-0.0744105199320321,1.85508515728175,-0.00103421094028409,Water,0.07060094,-0.16138421
1714,-0.00274160025760717,-36.9227773743184,1.957710338792414,5.0251092132711,-0.000987101102146129,Water,0.04322005,-0.17587844
1715,-0.00861693231476783,-92.1065042421282,2.3849214946362087,1.06177667660694,-0.000841479653197558,Water,0.07199837,-0.2798719
1716,-0.00285583212233673,-70.2030594077914,0.1074259894181135,3.98745378480545,-0.000731402192259695,Water,0.06627926,-0.16992273
1720,-0.011030642476491,-80.3093442979214,7.25160958375093,5.79423114504837,-0.000697357181359335,Water,0.07528621,-0.3601771
1721,-0.00235984935480735,9.428041348359129,0.2293623580317776,0.294856327409678,-0.000522174278739322,Water,0.05035898,-0.26629757
1725,-0.00496380838532917,-71.2991012928859,4.663784299943432,4.81806211981322,-0.000525431022878426,Water,0.1196855,-0.37813959
1727,-0.0048659868564096,-80.9334743864176,0.1661833875072942,1.94678156423699,-0.000849612933041826,Water,0.09971623,-0.28552762
1729,-0.00775657184470575,-77.6642456907931,9.251127650617748,5.26089181281975,-0.0006873910904112,Water,0.09318865,-0.24662016
1731,-0.00483280783939888,-60.3415271281333,7.12609448665351,3.88925712814987,-0.0012065701014419,Water,0.08569149,-0.25553675
1732,-0.00570443594150923,-70.5280459868682,4.737124141268286,5.8123836249974,-0.000424340873483794,Water,0.09508402,-0.18096704
1734,-0.00560628044060746,-46.4956572026266,0.0404904490836874,0.513790125723312,-0.000954001819649288,Water,0.08300533,-0.30568775
1736,-0.0103013798484963,-89.0904297882818,7.877527477878465,7.15345115001229,-0.000743239282826874,Water,0.09057407,-0.18765588
1737,-0.0080563792069526,-91.0135911225298,0.0382363515260883,0.0922570178372175,-0.00128681461147001,Water,0.10419654,-0.30746601
1738,-0.00745121951392466,-91.9510719884742,0.0955098037720526,2.6633077485309,-0.000594689606449372,Water,0.02817651,-0.16358419
1739,-0.00947075586283721,-92.122772697774,5.158932822757385,7.3026560936067,-0.000866606435833158,Water,0.11802534,-0.19721748
1740,-0.00606237857573069,-90.6189641592705,2.6353351606731907,2.65684994862603,-0.000751716329126086,Water,0.03882299,-0.08447857
1742,-0.0028471596529121,-70.6562009276394,4.861904040596306,7.33751644742361,-0.000634397127302461,Water,0.06717023,-0.30799013
1744,-0.020537539896542,-92.0675123123292,5.187723324530399,6.59073093739489,-0.000792948391634859,Water,0.0810483,-0.36543747
1745,-0.00448194482212261,-45.2535671769859,4.887705972361379,5.2482401006856,-0.000652280941275221,Water,0.06193251,-0.33948308
1747,-9.42921643158592e-05,-8.6200761174863,2.1526466287985624,1.5534139455347,-0.000293085208642173,Water,0.04627075,-0.13494157
1748,-0.0028860865228372,-79.6635945718821,7.246975669388359,4.18610928132971,-0.000370455405195167,Water,0.05155654,-0.02083544
1749,-0.00569941362747228,-83.6519655939955,2.760956237977496,5.29028494115316,-0.000589043694082449,Water,0.10383974,-0.18877064
1750,-0.00273346742390216,-77.7475875209227,7.307880926858544,7.46951586852722,-0.000151720296986244,Water,0.08565279,-0.26061667
1753,-0.00409288203971081,-39.1252061638768,6.98779897843735,5.60900550819512,-0.000720270280680087,Water,0.06709601,-0.27624485
1754,-0.00573286694554873,-46.1463492241702,0.1214474989022072,0.284203125442048,-0.00070594790773622,Water,0.08415671,-0.47310765
1757,-0.00964832161636804,-83.6770680205714,9.376758698152752,10.8915569463494,-0.000609265615125001,Water,0.04183783,-0.23851004
1759,-0.00256339547117574,-62.0122288744378,7.204395305078552,0.792163293611718,-0.000533820987368972,Water,0.06089622,-0.41473001
1761,-0.00239839705897475,-45.7440887641882,-0.0273721090121956,-0.0301648900052318,-0.00111005622253589,Water,0.08187346,-0.15404297
1763,-0.0026471676838102,-38.047315379592,0.3771639314366116,1.14915436170033,-0.000599963751477342,Water,0.09281507,-0.19147087
1765,-0.00809194942289693,-89.3290972801647,7.22608496711494,9.61584254919983,-0.000620536596653606,Water,0.10762202,-0.29493752
1768,-0.00427914700369301,-44.9803458502674,3.077488238178113,5.54871041307421,-0.00108754340688141,Water,0.09703941,-0.21892413
1770,-0.00805304767828013,-80.499026732031,0.3821921222041554,1.25663574753264,-0.000693964771165908,Water,0.07639017,-0.32032893
1772,-0.00969472077192197,-44.2762893917753,9.32430873997364,8.30564389305779,-0.00072229509464669,Water,0.08628362,-0.1343035
1774,-0.00263427260842156,-47.6037945637163,3.0603926651592084,3.93310154996753,-0.000663534567568671,Water,0.03783749,-0.09356758
1777,-0.0186340756662363,-98.8351832856422,7.731326259523649,2.06052223477721,-0.00076125287852842,Water,0.06924427,-0.32679844
1778,-0.00284478930822704,-43.6954121379356,7.10196970958677,4.3627460083653,-0.000737174979168151,Water,0.10547518,-0.32867312
1780,-0.0085625203267364,-79.8125669227405,8.19052621408998,3.14433999593187,-0.00112237026210035,Water,0.07205939,-0.13594783
1784,-0.00296288134658009,-44.060509099893,7.133143283365554,7.68753505922002,-7.62197340869142e-06,Water,0.11450865,-0.21486267
1786,-0.0051038630503817,-69.3368593663167,5.996901565284021,4.02006172426387,-0.000768356201425075,Water,0.0643629,-0.25036495
1787,-0.00554378398774173,-91.5518034459624,4.996721897213155,5.1582435701183,-0.000583376078888973,Water,0.09809254,-0.09944065
1788,-0.0089558533289819,-92.1256699030042,7.964260755571382,6.04180600201379,-0.000973287475678344,Water,0.08820603,-0.2256659
1790,-0.00353023199324059,-57.3347247323026,0.3207922318552768,0.0403211510112832,-0.000721885083708187,Water,0.07028538,-0.31081547
1792,-0.00804912544453693,-54.95259945794,2.4139801380870773,4.28028969721773,-0.000682759795928497,Water,0.08494965,-0.17744144
1794,-0.009554640337811,-97.3761643548188,7.25122097646656,7.57734710697133,-0.00105321404760852,Water,0.08023693,-0.16606647
1795,-0.00622439357561966,-75.8752128315208,2.945186665024747,1.26272798834152,-0.000777540968254802,Water,0.11894679,-0.0383509
1799,-0.00303328748606595,-74.8046851225145,-0.0003474542693295,0.662370098477916,-0.000654641850380473,Water,0.1089827,-0.28999921
1800,-0.0101017682559876,-93.8515729180619,8.973317591352442,8.22358596784939,-0.000623638429942228,Water,0.06814286,-0.17650824
1801,-0.00842271913130684,-97.7283984094296,7.151083168211549,3.75383066288005,-0.000457148345991685,Water,0.05519294,-0.14325542
1802,-0.012816415586177,-91.2263337210518,8.247273009194341,6.62194685040127,-0.000713895555016798,Water,0.11905082,-0.15091821
1803,-0.00255818038456204,-45.1594411161238,0.0763944360062417,0.127786440763928,-0.000893962385120578,Water,0.05711864,-0.43651312
1808,-0.000391863596507643,-22.3772187153723,0.0873313345454384,-0.0400387061611932,-0.000487936758311964,Water,0.05589689,-0.21365603
1809,-0.00490101269153283,-71.5035445267802,4.261320454127895,5.11854468467042,-0.000722511301300668,Water,0.11812503,-0.25609408
1810,-0.00283035415285927,-33.7740204628586,7.38428935742028,6.38752873784814,-0.000317319380631884,Water,0.06083556,-0.25519459
1812,-0.00606439296864237,-79.3970673533995,9.036675880102328,6.62433970769523,-0.000746776820545472,Water,0.10909073,-0.15778765
1813,-0.00303608273732859,-48.9367333279405,0.7666436521290068,0.98862263599406,-0.000617517635693606,Water,0.06764312,-0.24697544
1814,-0.00953547901822037,-73.7430855991719,4.792015694933987,4.17429797553027,-0.0014865110289733,Water,0.07184934,-0.27307362
1815,-0.00259451710954343,-74.6259595171104,5.083478380807212,5.19877953406865,-0.000418080264539616,Water,0.10703369,-0.31988955
1817,-0.00492097738978863,-80.4898641523722,9.121825305341604,9.16932267353693,-0.000416801226402269,Water,0.03044943,-0.29861454
1819,-0.00428493061267068,-60.9452528806217,0.2338243759626961,0.249922593018311,-0.00121899282614493,Water,0.04170642,-0.24908524
1820,-0.00275888519178027,-63.3237684997133,5.5792565082861545,5.97986480480657,-0.000425722110819126,Water,0.09795065,-0.29896123
1821,-0.00814859766383986,-81.4748205309258,0.9662987956856838,4.1550295083565,-0.00104851247454679,Water,0.0915554,-0.1456209
1822,-0.00601305000759874,-73.9640762106891,0.1694543703093063,0.192476283133402,-0.000720624116054786,Water,0.0621412,-0.40425217
1823,-0.0124819220045919,-91.7650486415654,8.607261747935672,9.8144219027624,-0.000737017522640439,Water,0.09481314,-0.24646663
1825,-0.00466600015569784,-44.8313423903879,0.4526156362397204,0.751989811286755,-0.00119501267451002,Water,0.10805072,-0.28185634
1826,-0.00450068241977135,-71.8803621131327,4.982342880814116,0.308872450731454,-0.00117032556912101,Water,0.05610139,-0.23498464
1828,-0.00264690802640815,-44.4018834796481,3.196595687647924,4.74618479554952,-0.000583104898556553,Water,0.05051156,-0.25715302
1830,-0.00266006934649293,-20.8178527426215,-0.00214644590325828,0.0882488530206446,-0.00140032159431514,Water,0.06745785,-0.12319416
1831,-0.00906580658016588,-86.0274604854753,7.019398307047139,7.81755870781783,-0.000695243445893049,Water,0.08677904,-0.11793736
1834,-0.00793437139429845,-37.8890497721955,7.426829757278608,5.61614624382006,-0.00068959848780725,Water,0.05127268,-0.44358952
1835,-0.0028135500284451,-47.7834393515893,0.0925829434503812,1.09431355510378,-0.00106583618784197,Water,0.09801432,-0.32786458
1836,-0.0026323480878633,-21.7862181089814,0.0729698644799062,0.8019532414793,-0.000559748796045494,Water,0.05951322,-0.19959257
1837,-0.00492095384608731,-78.4491436509661,7.764574695980002,7.64414166558486,-8.59913222924055e-05,Water,0.05093667,-0.23133101
1840,-0.00949822267035166,-81.8672988678865,17.72728054737928,10.4875876619381,-0.000627430539203421,Water,0.05194475,-0.03425359
1841,-0.00331370658203534,-48.8980368791427,0.1408586082837005,0.118311270365361,-0.000493866930282066,Water,0.01512772,-0.28715924
1842,-0.004139044727136,-91.3877405050277,5.400173454856755,2.85137355709802,-0.000610157383787526,Water,0.09026747,-0.31428574
1844,-0.00254223977719442,-61.7412895139033,5.675067715202674,2.09643426042307,-0.000630279625733791,Water,0.08916101,-0.38195707
1845,-0.00288774482455381,-61.8231264108579,2.609955466686492,2.31266084365599,-0.00066018448326109,Water,0.02615,-0.41942637
1849,-0.00491858878802259,-58.1443000757638,0.9514012400697156,0.795634677584349,-0.000527453588026816,Water,0.1016294,-0.15508087
1850,-0.00260447022647318,-30.1784896837521,1.6290885018162644,1.6275700854893,-0.000598848966279274,Water,0.0755496,-0.17940248
1852,-0.0096855884876353,-77.567257859239,5.212531680556386,4.4450212967003,-0.000557328409135736,Water,0.0705542,-0.37541628
1854,-0.00428656189451693,-83.1224839909826,0.0069851997510838,0.0783794633542734,-0.000619831299494382,Water,0.05234363,-0.05183621
1855,-0.0176848188583185,-91.9331919179772,9.054214723916637,3.30627209695027,-0.00104374546760669,Water,0.07236418,-0.04064156
1856,-0.0100589515068338,-81.4013104384677,9.468367865255289,7.08332554662004,-0.000609954693988872,Water,0.09905359,-0.37094541
1857,-0.0101169628276726,-92.2191327857585,0.3229581349897774,0.585309111920782,-0.00062049539856223,Water,0.03553719,-0.15119503
1858,-0.00338454944625091,-59.7177559383307,1.820285606906264,4.77848785533385,-0.0004580082452295,Water,0.04403676,-0.15419897
1859,-0.00611248072785791,-83.2745815000722,4.872694619436356,6.1144137636674,-0.000737324660649781,Water,0.03585079,-0.1556189
1862,0.0028382994272912,-9.82840647157832,7.109919018806851,0.680890045524001,-0.000531668581028791,Water,0.06504854,-0.41423293
1863,-0.00600878888775797,-92.3352761864993,4.75122638818806,5.53201750037337,-0.000437729877922795,Water,0.05032628,-0.15172392
1864,-0.0147732028735908,-91.5686788066842,4.836678263835844,1.08014700448773,-0.00193486613528568,Water,0.07393171,-0.21826273
1865,-0.0027020627091273,-23.3751733845439,0.086488695071592,0.072943396088441,-0.000760305626055043,Water,0.05848304,-0.41036118
1866,-0.0112808745613447,-92.727328066579,2.87468613689409,7.98099936956767,-0.000487086339101586,Water,0.10736586,-0.18475374
1867,-0.00454427477142022,-80.6810570238839,2.518157062065482,3.4364075917523,-0.00118647092400023,Water,0.06806704,-0.26820404
1869,-0.0044780945661734,-7.27662889944316,3.19944687889347,6.1102574885431,-0.000482798526124169,Water,0.0782563,-0.12124508
1871,-0.00835705016882374,-82.4674218722619,3.221861423502302,2.92042897737548,-0.000583543402038125,Water,0.04663601,-0.23886171
1879,-0.00496263641703507,-61.3596787931045,2.9167621743435994,6.16855858552978,-0.00104546994715262,Water,0.06099636,-0.25041395
1880,-0.0049189410614479,-70.1364302158274,2.0361140993880267,3.54965772855686,-0.000588126655145072,Water,0.11440656,-0.23274656
1881,-0.00622582744687914,-29.6975536456299,5.115168846556683,3.17607354268343,-0.00130543296978027,Water,0.11905998,-0.26638019
1882,-0.00779885280860697,-80.6185341004251,9.172529123317226,9.70821856588239,-0.000684476950835974,Water,0.07484913,-0.24243407
1883,-0.00494874610067823,-81.0379095597351,7.007794664582478,0.65920497539815,-0.000637033471781651,Water,0.07640671,-0.37379685
1885,-0.0136071958059643,-94.7200206311712,2.7002781983072315,2.55563854995533,-0.00155860076334561,Water,0.05178905,-0.2121329
1886,-0.00591609381792112,-79.4535683108385,2.760608386184668,1.70509864939343,-0.00213154144479814,Water,0.09210566,-0.16819524
1887,-0.00791141348036841,-53.2931644893584,2.808524547254751,8.48880494311579,-0.000704379772039816,Water,0.0824735,-0.30388097
1888,-0.00498629878006973,-28.5259477694594,0.326490709553468,0.133218246720745,-0.00136087630062296,Water,0.015,-0.27357338
1890,-0.00448400235331417,-48.103246282638,2.1169279166398804,2.40470612153405,-0.000554752557258618,Water,0.12252405,-0.30309546
1891,-0.00585836891064189,-83.4483885925951,2.5160579492165582,3.91286311757305,-0.000555701877979504,Water,0.12011844,-0.37786859
1893,-0.00289259362863087,-32.6871634671537,7.277467505418384,3.26717364557151,-0.000686115478312423,Water,0.08373609,-0.33420573
1894,-0.00272608089564597,-26.0553609681989,7.71353587403898,2.71984851571997,-8.62885217940865e-05,Water,0.07500706,-0.06067154
1895,-0.00365978802531306,-24.5929699925526,2.866224282242241,4.10380405943772,-0.000707806582378068,Water,0.0242293,-0.43189906
1897,-0.00249123852186782,-17.1627423068864,0.173402550013218,0.846173390328747,-0.000170490667421203,Water,0.05937251,-0.2195932
1898,-0.00327377536514711,-20.8186959909838,4.733870495436708,4.90512556303658,-0.0010002072035121,Water,0.0521368,-0.40253589
1899,-0.0136868530702484,-98.3705100832973,9.290429796754266,9.30712012063462,-0.000655602776919594,Water,0.09520411,-0.34807541
1900,-0.00508825450112167,-72.815984024488,0.8443593970315907,2.70265071583066,-0.000423410584186282,Water,0.07349648,-0.21991188
1902,-0.00492157986702152,-91.809737050129,11.899292786388052,17.7603406754586,7.970592725980749e-06,Water,0.07473389,-0.13051137
1903,-0.00508756721663975,-46.3530740708907,0.2105808267178187,0.0243018036307713,-0.00106869027396011,Water,0.04433242,-0.22577525
1905,-0.011198289009689,-83.4059214527677,5.68751120673542,0.918164649689549,-0.000993765804479714,Water,0.06516045,-0.10498554
1906,-0.00937991898196268,-81.7583202497476,-0.0377897665127298,0.0548937524027673,-0.00123826917507869,Water,0.0591261,-0.13400992
1907,-0.00602732361274744,-63.2238053607631,0.3971839437157202,0.0924059221702611,-0.00119725224046849,Water,0.03401787,-0.33655265
1910,-0.0079684871007622,-65.0459859470392,-0.0202225363625396,3.97242322852622,-0.00103545058906119,Water,0.06463165,-0.22513225
1911,-0.00627482350228863,-48.0958619556946,3.966324286157032,4.21634332283479,-0.000663161481297513,Water,0.14196584,-0.2120264
1913,-0.00826234745160193,-97.1920287772021,6.942538931259345,2.35292276711984,-0.000843401117841536,Water,0.09079412,-0.34326706
1914,-0.0137372241743805,-91.8317835414721,9.110299983342058,10.8854204880074,-0.00086721370439936,Water,0.07048133,-0.35679407
1915,-0.00568698563671722,-59.0304424427975,13.560423322584509,13.083861307913,-0.000592542611271917,Water,0.08832413,-0.16849044
1919,-0.00492073531007996,-51.9636011200448,7.081940428073683,6.86909218178486,-0.000624289917052827,Water,0.0759127,-0.36933672
1921,-0.00485909654966205,-8.06020277841599,0.1419556024412505,0.0987167921644309,-0.000510208253344003,Water,0.0639348,-0.24344573
1922,-0.00610599161048672,-91.8874479132019,2.988747375016655,3.74928466898786,-0.000978273890075654,Water,0.07629565,-0.31538367
1925,-0.00259460674634522,-85.5387005737537,0.3294591871133857,2.20009033041817,-0.000551449054350192,Water,0.07798598,-0.11210371
1927,-0.00457803929176827,-71.6367652362348,0.1924959405189781,1.38637243395172,-0.000564047146304924,Water,0.08433084,-0.2480126
1930,-0.00263490266056631,-32.5327002239174,1.7432514195079885,0.791982173588279,-0.000722047777133248,Water,0.10667049,-0.39583493
1932,-0.00366229265059873,-87.9991773232926,2.1418517566138737,2.72266047311529,-0.000983484991310704,Water,0.08570319,-0.17770451
1934,-0.00811571577614446,-91.2651877917515,9.090371028052658,8.17270247626035,-0.00110679578872508,Water,0.12492841,-0.20789553
1936,-0.00492992928397501,-41.4115550320019,3.101272191780415,1.44945607410411,-0.00107174025801803,Water,0.07139202,-0.20964129
1937,-0.00568578489397287,-63.5914522640623,0.1566436836281808,3.03681021094635,-0.000589640457460146,Water,0.0544069,-0.13730844
1938,-0.00488104240217117,-90.4364857159885,5.260456190094614,1.30263163009308,-0.000625191525415224,Water,0.08324579,-0.33557479
1940,-0.00938119170917651,-90.878957684495,12.069230382338915,8.57229359860747,-0.00100918714967232,Water,0.0867771,-0.23723173
1945,-0.00261549642549207,-24.4261125692327,0.0030351697525288,0.395534016545797,-0.000722336227601641,Water,0.0528024,-0.29542347
1946,-0.00492706969616139,-76.5050393385619,0.0729536285447747,0.0793378557435241,-0.00145794964556751,Water,0.03468069,-0.31936194
1947,-0.00339882048890516,-60.1097146710556,2.9594982635374727,2.72615463320268,-0.000614438084093783,Water,0.07774276,-0.27869797
1949,-0.0061698897374719,-87.8331447228781,4.753720364323629,3.79719288172123,-0.000728496779584396,Water,0.07017486,-0.08702898
1950,-0.0072308898676266,-71.5261919510535,8.084481573082625,2.72095976161801,-0.000686730244381866,Water,0.07727331,-0.3598838
1952,-0.00987532274385252,-64.4709500020767,4.519710401336868,0.450238328096382,-0.000625507908496442,Water,0.10808722,-0.36691681
1954,-0.0118289421167361,-90.8295201149318,7.100337062918818,3.48716762089919,-0.0011007776213009,Water,0.05960677,-0.34608047
1956,-0.0016187470575945,-21.5160074240458,-0.0247145230460496,0.291094181537352,-0.000627535476374533,Water,0.06437519,-0.36025713
1959,-0.00265171113895944,-55.0470708637073,0.0281742448895747,0.246821395231744,-0.000489517054655665,Water,0.08426434,-0.16467095
1960,-0.00625827659515698,-76.3819490566132,0.6074955231451098,1.37051351673756,-0.000582322770575941,Water,0.06821435,-0.05185029
1961,-0.00756005749606294,-70.8871371813094,4.839721364897652,5.5266533081557,-0.000464629207190975,Water,0.0615182,-0.35409645
1963,-0.00721738060695516,-36.5678762710261,1.8503605734910076,6.60300027421257,-0.000478772902507159,Water,0.115471,-0.22163184
1965,-0.00486562234787128,-40.7321936813106,2.2119525387188004,4.22077706949193,-0.000585575667627601,Water,0.11233119,-0.27612624
1966,-0.00619517888184561,-37.3084979958452,8.94176429324732,7.04473332198699,-0.00058521248739403,Water,0.08208965,-0.37492574
1967,-0.0026279102399135,-28.4112910667421,2.5719954171173174,1.16941320033598,-0.00101074197190891,Water,0.07804591,-0.4575814
1968,-0.00790090248970017,-85.5213501701811,2.9956351138396387,2.85669722630537,-0.00105799838406059,Water,0.05762083,-0.2861014
1969,-0.0135662712861068,-97.3267239793273,9.602120079278158,15.9630243592347,-0.000470546942641204,Water,0.0807659,-0.30878446
1971,-0.0138513081824969,-97.9157886955909,4.858098172503626,5.74933753601508,-0.00100263442122921,Water,0.09187547,-0.52
1972,-0.00502189892722246,-61.8534704228947,3.8104611814480887,6.03140496914486,-0.000682271888366311,Water,0.07799033,-0.22842695
1973,-0.00270004606601249,-35.5163749266942,0.2367793442268008,0.238237426066251,-0.000744174026284328,Water,0.08628171,-0.46353222
1974,-0.00256414308544912,-37.6674677629973,1.9062876109111104,1.59438856628954,-0.000906638808317149,Water,0.0749662,-0.1841211
1975,-0.018378073279666,-97.5563115379434,8.998841760917527,9.68559759781945,-0.000709858153118368,Water,0.07017456,-0.22076948
1976,-0.00484629777544387,-80.8102561763586,0.6686831065386363,2.154815591944,-0.0017088790622238,Water,0.07204397,-0.36117773
1977,-0.00347999097858842,-36.419417297789,0.1602950374085512,0.0700106311324405,-0.000652795990318665,Water,0.04866569,-0.20324502
1978,-0.00241188529947255,-15.4168352741956,2.571631839822507,2.24054018035147,-0.000328775081938528,Water,0.08616053,-0.18399695
1979,-0.0138398086056576,-93.6940817235836,1.7141120509591847,1.01937396409847,-0.00100087618610261,Water,0.10968472,-0.21748286
1980,-0.00345896369223013,-92.8239881781142,9.489468538503852,9.15668971226113,-7.02981680499136e-05,Water,0.05185525,-0.31004104
1981,-0.00499623901543349,-91.3326669280282,3.6124100825973255,5.36994895785281,-0.000480049817544844,Water,0.05169473,-0.09668973
1982,-0.0101155640488364,-73.1668205013072,5.098144953700233,2.19093086791583,-0.000557843266794763,Water,0.06940598,-0.15756829
1985,-0.00755830803884072,-62.33728657072,0.1417547062378413,2.54710456717155,-0.00061696887815427,Water,0.04160034,-0.18362278
1986,-0.00177335176735497,-17.1384002659212,0.2683442297334801,1.88908634779614,-0.000558867752671736,Water,0.091464,-0.20520638
1989,-0.00972027563398759,-90.82422960151,9.247529184507188,9.02770748231777,-0.00069591618094205,Water,0.07300314,-0.31314327
1991,-0.00360968717457965,-72.9287745068839,0.1776829641963812,0.0709462922377326,-0.00101757569356444,Water,0.08941958,-0.18332974
1993,-0.00343122132192172,-43.136588094018,0.0348078453183149,0.402589434745716,-0.00111144478058908,Water,0.11122013,-0.12981807
1995,-0.00256204195082729,-25.491951106689,0.156149122346604,0.241536350879399,-0.00102005387230422,Water,0.05323352,-0.18745803
1998,-0.0133935991638673,-96.2070498803231,7.268237259509267,10.8794193819708,-0.000627576524909297,Water,0.10825454,-0.29057327
2000,-0.00944598530858987,-97.6253739802672,4.1786009467575855,4.95106466834333,-0.000660735464048912,Water,0.08266668,-0.3269951
2001,,,,,,No leakage,0.07603735,0.05464997
2002,,,,,,No leakage,0.08885126,0.065155
2003,,,,,,No leakage,0.09015839,0.0348193
2004,,,,,,No leakage,0.07463798,0.06322406
2005,,,,,,No leakage,0.07530819,0.06754341
2006,,,,,,No leakage,0.04816654,0.04369176
2007,,,,,,No leakage,0.0736936,0.02549592
2009,,,,,,No leakage,0.06429989,0.048468
2011,,,,,,No leakage,0.0649706,0.0639706
2012,,,,,,No leakage,0.08472475,0.07725798
2014,,,,,,No leakage,0.06266932,0.06166932
2016,,,,,,No leakage,0.06698667,0.06364042
2017,,,,,,No leakage,0.08798916,0.0513901
2018,,,,,,No leakage,0.0902227,0.0636684
2019,,,,,,No leakage,0.05417032,0.05317032
2020,,,,,,No leakage,0.04535113,0.03792754
2022,,,,,,No leakage,0.07574067,0.05847946
2024,,,,,,No leakage,0.06041814,0.04854541
2026,,,,,,No leakage,0.08194235,0.06596014
2027,,,,,,No leakage,0.08288225,0.04561032
2028,,,,,,No leakage,0.09231925,0.031214
2029,,,,,,No leakage,0.05561246,0.05461246
2030,,,,,,No leakage,0.06017102,0.03661399
2031,,,,,,No leakage,0.09360939,0.04063196
2036,,,,,,No leakage,0.05103266,0.0403008
2038,,,,,,No leakage,0.06039161,0.05939161
2039,,,,,,No leakage,0.07633281,0.04037132
2042,,,,,,No leakage,0.04986096,0.0464875
2043,,,,,,No leakage,0.08587521,0.06035155
2045,,,,,,No leakage,0.07348836,0.07248836
2049,,,,,,No leakage,0.0698953,0.05915321
2051,,,,,,No leakage,0.07878043,0.05375179
2052,,,,,,No leakage,0.060232,0.059232
2053,,,,,,No leakage,0.05959384,0.05422618
2054,,,,,,No leakage,0.07115289,0.04334657
2057,,,,,,No leakage,0.06039194,0.04551019
2058,,,,,,No leakage,0.06462797,0.05417922
2059,,,,,,No leakage,0.07202121,0.05851324
2061,,,,,,No leakage,0.08530015,0.04167125
2062,,,,,,No leakage,0.07718273,0.03682203
2063,,,,,,No leakage,0.07816108,0.07716108
2064,,,,,,No leakage,0.08456812,0.05092933
2066,,,,,,No leakage,0.0852227,0.0571423
2067,,,,,,No leakage,0.06158207,0.05772592
2069,,,,,,No leakage,0.07114869,0.05071993
2071,,,,,,No leakage,0.06794891,0.06694891
2072,,,,,,No leakage,0.07465098,0.0524699
2073,,,,,,No leakage,0.0951403,0.05522255
2074,,,,,,No leakage,0.05413094,0.05313094
2075,,,,,,No leakage,0.04881861,0.04781861
2077,,,,,,No leakage,0.05408461,0.04661943
2079,,,,,,No leakage,0.07544942,0.07444942
2080,,,,,,No leakage,0.06884525,0.05767031
2081,,,,,,No leakage,0.07071923,0.06971923
2083,,,,,,No leakage,0.07012252,0.05671062
2085,,,,,,No leakage,0.07798352,0.05469404
2086,,,,,,No leakage,0.06422647,0.06322647
2087,,,,,,No leakage,0.05389979,0.04912164
2088,,,,,,No leakage,0.03985869,0.03220891
2090,,,,,,No leakage,0.06999334,0.05582981
2091,,,,,,No leakage,0.08024246,0.07924246
2093,,,,,,No leakage,0.08208273,0.0333505
2096,,,,,,No leakage,0.05281974,0.04373646
2097,,,,,,No leakage,0.0502275,0.0492275
2099,,,,,,No leakage,0.06958533,0.06858533
2101,,,,,,No leakage,0.05029283,0.04929283
2103,,,,,,No leakage,0.08388319,0.04046964
2104,,,,,,No leakage,0.06884426,0.04706278
2105,,,,,,No leakage,0.08065837,0.05272924
2106,,,,,,No leakage,0.07040015,0.04164181
2107,,,,,,No leakage,0.07167125,0.07067125
2109,,,,,,No leakage,0.07634292,0.07040358
2112,,,,,,No leakage,0.06849479,0.06749479
2113,,,,,,No leakage,0.05827631,0.0522627
2115,,,,,,No leakage,0.07948229,0.07848229
2116,,,,,,No leakage,0.07714335,0.07614335
2117,,,,,,No leakage,0.07239634,0.07139634
2118,,,,,,No leakage,0.05403122,0.0207433
2120,,,,,,No leakage,0.08934472,0.06947525
2123,,,,,,No leakage,0.08558866,0.03023107
2125,,,,,,No leakage,0.05633059,0.05533059
2126,,,,,,No leakage,0.05921226,0.05821226
2127,,,,,,No leakage,0.08016103,0.05111769
2129,,,,,,No leakage,0.07526594,0.06288899
2130,,,,,,No leakage,0.07279104,0.05900166
2131,,,,,,No leakage,0.07844406,0.07744406
2134,,,,,,No leakage,0.06668839,0.06356129
2135,,,,,,No leakage,0.11576083,0.07001304
2137,,,,,,No leakage,0.05175633,0.03635054
2138,,,,,,No leakage,0.08626935,0.06262859
2139,,,,,,No leakage,0.06052362,0.05952362
2141,,,,,,No leakage,0.06301681,0.05022422
2142,,,,,,No leakage,0.05551205,0.05451205
2143,,,,,,No leakage,0.06482855,0.06382855
2144,,,,,,No leakage,0.08692334,0.07115734
2146,,,,,,No leakage,0.06835811,0.06735811
2151,,,,,,No leakage,0.08829722,0.07222156
2152,,,,,,No leakage,0.08067902,0.05200244
2154,,,,,,No leakage,0.07967656,0.06655841
2155,,,,,,No leakage,0.0695484,0.05817886
2156,,,,,,No leakage,0.08792659,0.04957659
2157,,,,,,No leakage,0.07781582,0.0571461
2158,,,,,,No leakage,0.06829836,0.06729836
2163,,,,,,No leakage,0.07255909,0.07155909
2164,,,,,,No leakage,0.0907295,0.04487075
2166,,,,,,No leakage,0.07644853,0.05917955
2167,,,,,,No leakage,0.07988923,0.07888923
2168,,,,,,No leakage,0.06273974,0.04900976
2169,,,,,,No leakage,0.0699084,0.06317571
2173,,,,,,No leakage,0.0804002,0.06607191
2174,,,,,,No leakage,0.07115202,0.03677735
2175,,,,,,No leakage,0.08214459,0.03839819
2176,,,,,,No leakage,0.07630538,0.05573747
2178,,,,,,No leakage,0.07238617,0.05326526
2179,,,,,,No leakage,0.06476058,0.06376058
2182,,,,,,No leakage,0.08496031,0.08396031
2183,,,,,,No leakage,0.05898428,0.03257861
2185,,,,,,No leakage,0.07027328,0.05022305
2186,,,,,,No leakage,0.06776378,0.06676378
2190,,,,,,No leakage,0.0780488,0.07403098
2191,,,,,,No leakage,0.09439906,0.05950552
2192,,,,,,No leakage,0.03965358,0.03865358
2194,,,,,,No leakage,0.06196386,0.06096386
2195,,,,,,No leakage,0.08310928,0.05000681
2197,,,,,,No leakage,0.08525713,0.04610201
2198,,,,,,No leakage,0.06978258,0.06060964
2201,,,,,,No leakage,0.06479398,0.06210347
2202,,,,,,No leakage,0.05391835,0.05291835
2204,,,,,,No leakage,0.05991634,0.051297
2205,,,,,,No leakage,0.095,0.06805515
2207,,,,,,No leakage,0.06789964,0.04709648
2208,,,,,,No leakage,0.08100533,0.08000533
2209,,,,,,No leakage,0.0871859,0.06321856
2210,,,,,,No leakage,0.08312709,0.07812123
2212,,,,,,No leakage,0.06081003,0.05981003
2213,,,,,,No leakage,0.07044437,0.05796231
2214,,,,,,No leakage,0.0932792,0.05099852
2215,,,,,,No leakage,0.08172808,0.08072808
2217,,,,,,No leakage,0.08338854,0.0644789
2219,,,,,,No leakage,0.08117668,0.08017668
2220,,,,,,No leakage,0.08352446,0.08252446
2222,,,,,,No leakage,0.07199733,0.07099733
2223,,,,,,No leakage,0.06492752,0.06392752
2224,,,,,,No leakage,0.04954098,0.04233434
2225,,,,,,No leakage,0.08409255,0.08309255
2226,,,,,,No leakage,0.07690918,0.05857375
2227,,,,,,No leakage,0.05374565,0.05274565
2230,,,,,,No leakage,0.06070654,0.0523197
2232,,,,,,No leakage,0.06381601,0.06176673
2233,,,,,,No leakage,0.048569,0.047569
2234,,,,,,No leakage,0.06588733,0.05071834
2235,,,,,,No leakage,0.07495922,0.07233831
2236,,,,,,No leakage,0.09565993,0.04994018
2237,,,,,,No leakage,0.05447899,0.04989752
2238,,,,,,No leakage,0.06715705,0.06615705
2239,,,,,,No leakage,0.04575606,0.04475606
2241,,,,,,No leakage,0.06937929,0.04078804
2243,,,,,,No leakage,0.07734666,0.04381651
2244,,,,,,No leakage,0.06624519,0.04395026
2246,,,,,,No leakage,0.08388791,0.08288791
2247,,,,,,No leakage,0.07556709,0.04865447
2249,,,,,,No leakage,0.07215837,0.07115837
2253,,,,,,No leakage,0.06549556,0.06449556
2254,,,,,,No leakage,0.06838733,0.05798624
2256,,,,,,No leakage,0.07581945,0.04874187
2258,,,,,,No leakage,0.05806068,0.05163212
2260,,,,,,No leakage,0.06597213,0.0557977
2263,,,,,,No leakage,0.06233816,0.0552223
2265,,,,,,No leakage,0.06376926,0.06276926
2266,,,,,,No leakage,0.07037018,0.0588812
2268,,,,,,No leakage,0.07668715,0.06015644
2270,,,,,,No leakage,0.07040311,0.05331752
2271,,,,,,No leakage,0.07064017,0.06964017
2274,,,,,,No leakage,0.07484306,0.07384306
2275,,,,,,No leakage,0.06724807,0.06624807
2276,,,,,,No leakage,0.06335328,0.06041808
2279,,,,,,No leakage,0.07165682,0.05585462
2280,,,,,,No leakage,0.07639624,0.07539624
2282,,,,,,No leakage,0.0630876,0.06125
2284,,,,,,No leakage,0.07807689,0.07707689
2286,,,,,,No leakage,0.0471598,0.045523
2287,,,,,,No leakage,0.05850543,0.05750543
2289,,,,,,No leakage,0.07089112,0.06989112
2290,,,,,,No leakage,0.07343221,0.03955548
2296,,,,,,No leakage,0.08577191,0.08477191
2297,,,,,,No leakage,0.07273562,0.07173562
2300,,,,,,No leakage,0.0750416,0.0740416
2303,,,,,,No leakage,0.1263915,0.06913285
2305,,,,,,No leakage,0.07779513,0.07270951
2306,,,,,,No leakage,0.06846706,0.06746706
2309,,,,,,No leakage,0.08154563,0.06126861
2310,,,,,,No leakage,0.07030376,0.03043174
2311,,,,,,No leakage,0.06285603,0.05832759
2313,,,,,,No leakage,0.07397536,0.07297536
2314,,,,,,No leakage,0.08877047,0.03810216
2315,,,,,,No leakage,0.05677489,0.03222806
2316,,,,,,No leakage,0.05973641,0.05873641
2320,,,,,,No leakage,0.0866663,0.05699679
2321,,,,,,No leakage,0.07450618,0.06494682
2322,,,,,,No leakage,0.0617557,0.0576134
2323,,,,,,No leakage,0.07034205,0.06055094
2324,,,,,,No leakage,0.06597007,0.06497007
2325,,,,,,No leakage,0.07558122,0.07458122
2326,,,,,,No leakage,0.05660772,0.04376674
2327,,,,,,No leakage,0.0586659,0.04898439
2328,,,,,,No leakage,0.06565244,0.06152959
2329,,,,,,No leakage,0.05216793,0.05116793
2333,,,,,,No leakage,0.05714606,0.05614606
2336,,,,,,No leakage,0.05866327,0.05766327
2337,,,,,,No leakage,0.08019403,0.05278845
2338,,,,,,No leakage,0.0588833,0.0578833
2339,,,,,,No leakage,0.07137967,0.05156097
2340,,,,,,No leakage,0.1003159,0.05584151
2341,,,,,,No leakage,0.06020321,0.05433108
2342,,,,,,No leakage,0.06940931,0.03873406
2345,,,,,,No leakage,0.07297237,0.07197237
2346,,,,,,No leakage,0.05156983,0.05056983
2347,,,,,,No leakage,0.07326455,0.06794812
2348,,,,,,No leakage,0.07125366,0.07025366
2349,,,,,,No leakage,0.08724868,0.04805105
2352,,,,,,No leakage,0.0702059,0.0692059
2353,,,,,,No leakage,0.08061595,0.0622331
2354,,,,,,No leakage,0.07027999,0.06927999
2358,,,,,,No leakage,0.06988187,0.02179621
2359,,,,,,No leakage,0.0555323,0.03167112
2360,,,,,,No leakage,0.07553132,0.0617251
2362,,,,,,No leakage,0.0856307,0.07569454
2365,,,,,,No leakage,0.07646323,0.06475409
2366,,,,,,No leakage,0.08079731,0.07979731
2367,,,,,,No leakage,0.05782143,0.05682143
2368,,,,,,No leakage,0.06684911,0.05525896
2370,,,,,,No leakage,0.07233441,0.06187228
2373,,,,,,No leakage,0.06825273,0.06725273
2375,,,,,,No leakage,0.06160664,0.0386673
2376,,,,,,No leakage,0.07052679,0.06150987
2379,,,,,,No leakage,0.04812763,0.04712763
2380,,,,,,No leakage,0.05838571,0.03427052
2381,,,,,,No leakage,0.04882927,0.04782927
2382,,,,,,No leakage,0.08263424,0.06663362
2384,,,,,,No leakage,0.10819106,0.02744929
2386,,,,,,No leakage,0.0672353,0.0657831
2387,,,,,,No leakage,0.09372373,0.05255761
2388,,,,,,No leakage,0.10037069,0.02993746
2390,,,,,,No leakage,0.07118226,0.03592534
2397,,,,,,No leakage,0.06682297,0.05928138
2398,,,,,,No leakage,0.0649289,0.05342361
2404,,,,,,No leakage,0.06839728,0.06083584
2407,,,,,,No leakage,0.07657567,0.05225531
2408,,,,,,No leakage,0.05323677,0.05223677
2412,,,,,,No leakage,0.0837282,0.06173101
2414,,,,,,No leakage,0.06136951,0.06036951
2415,,,,,,No leakage,0.06348486,0.06248486
2417,,,,,,No leakage,0.08600137,0.08500137
2420,,,,,,No leakage,0.08210018,0.05993632
2422,,,,,,No leakage,0.07176956,0.04646169
2425,,,,,,No leakage,0.08233827,0.05364803
2426,,,,,,No leakage,0.0639698,0.0629698
2429,,,,,,No leakage,0.07638022,0.03439546
2430,,,,,,No leakage,0.07700144,0.06748725
2432,,,,,,No leakage,0.06750384,0.06650384
2433,,,,,,No leakage,0.08125212,0.05758646
2434,,,,,,No leakage,0.08582508,0.04962612
2435,,,,,,No leakage,0.07052662,0.06952662
2438,,,,,,No leakage,0.04289775,0.04189775
2441,,,,,,No leakage,0.07162404,0.06465894
2442,,,,,,No leakage,0.07061343,0.06961343
2444,,,,,,No leakage,0.06143999,0.06043999
2447,,,,,,No leakage,0.07124681,0.05024451
2451,,,,,,No leakage,0.07093596,0.06993596
2452,,,,,,No leakage,0.0779788,0.05221347
2453,,,,,,No leakage,0.07737554,0.0680174
2454,,,,,,No leakage,0.06447873,0.06347873
2456,,,,,,No leakage,0.06315811,0.06215811
2457,,,,,,No leakage,0.04903201,0.04782648
2459,,,,,,No leakage,0.04800469,0.03568862
2460,,,,,,No leakage,0.05620583,0.04891935
2463,,,,,,No leakage,0.07430019,0.05738147
2465,,,,,,No leakage,0.08094684,0.07994684
2469,,,,,,No leakage,0.06684461,0.06584461
2470,,,,,,No leakage,0.0566513,0.0556513
2471,,,,,,No leakage,0.06140354,0.06040354
2474,,,,,,No leakage,0.06687375,0.03483105
2475,,,,,,No leakage,0.06784729,0.06684729
2476,,,,,,No leakage,0.0818162,0.0808162
2481,,,,,,No leakage,0.08698151,0.06834098
2482,,,,,,No leakage,0.06071378,0.05244555
2483,,,,,,No leakage,0.05971126,0.05871126
2484,,,,,,No leakage,0.08104596,0.04861169
2485,,,,,,No leakage,0.06697863,0.06111395
2488,,,,,,No leakage,0.09778704,0.0353828
2490,,,,,,No leakage,0.09414297,0.05628918
2491,,,,,,No leakage,0.05624332,0.05524332
2493,,,,,,No leakage,0.06670012,0.04512609
2494,,,,,,No leakage,0.05681706,0.04137631
2495,,,,,,No leakage,0.09554935,0.06456529
2496,,,,,,No leakage,0.07418081,0.07318081
2497,,,,,,No leakage,0.06986598,0.04443799
2498,,,,,,No leakage,0.04964111,0.04864111
2499,,,,,,No leakage,0.07455664,0.03817263
2500,,,,,,No leakage,0.04972936,0.03520909
